ClienteID,Nombre,Apellido,Telefono,Email,Pais,Direccion 
1,Cherida,Berthon,502-(353)627-1298,cberthon0@ask.com,Guatemala,3 Sommers Lane
2,Noby,Ableson,507-(406)870-4775,nableson1@goo.ne.jp,Panama,7 Basil Plaza
3,Jolie,Dudson,502-(338)496-4325,jdudson2@paypal.com,Guatemala,21 Sherman Crossing
4,Carin,Loosely,507-(169)932-1323,cloosely3@addthis.com,Panama,74489 Schlimgen Court
5,Mariele,Issac,502-(129)941-5280,missac4@furl.net,Guatemala,230 Forster Avenue
6,Elvis,Tybalt,505-(372)103-9169,etybalt5@admin.ch,Nicaragua,86 Hermina Road
7,Dorothy,Mordey,505-(317)783-3144,dmordey6@eepurl.com,Nicaragua,931 Stephen Crossing
8,Bink,O'Scully,506-(870)510-4093,boscully7@bandcamp.com,Costa Rica,63294 Banding Hill
9,Bevan,Elwood,502-(260)190-7954,belwood8@51.la,Guatemala,7 Randy Lane
10,Leonore,Jagoe,505-(182)292-9944,ljagoe9@cyberchimps.com,Nicaragua,874 Chinook Way
11,Karlik,Reade,507-(487)914-7374,kreadea@independent.co.uk,Panama,1679 Barnett Terrace
12,Abagael,Ewols,502-(150)871-7391,aewolsb@arizona.edu,Guatemala,63833 2nd Hill
13,Shina,Farries,506-(382)649-7699,sfarriesc@51.la,Costa Rica,40354 Bashford Place
14,Rosaline,Sapsford,507-(280)118-7205,rsapsfordd@army.mil,Panama,2757 Little Fleur Crossing
15,Anastassia,Montgomery,502-(543)760-8774,amontgomerye@fda.gov,Guatemala,68 Merry Place
16,Veronica,Helks,502-(228)531-2738,vhelksf@senate.gov,Guatemala,7181 Elgar Court
17,Nellie,Lemoir,505-(526)918-4858,nlemoirg@globo.com,Nicaragua,9 Golden Leaf Terrace
18,Parke,Tripcony,506-(274)832-1270,ptripconyh@msu.edu,Costa Rica,9 Loomis Avenue
19,Ethelin,Monard,502-(547)815-6137,emonardi@1und1.de,Guatemala,80464 Clove Way
20,Lorry,Southway,507-(588)713-5683,lsouthwayj@epa.gov,Panama,50 Petterle Point
21,Michael,Kinder,506-(624)399-2445,mkinderk@virginia.edu,Costa Rica,0173 Macpherson Alley
22,Eduardo,Stonman,502-(433)159-6260,estonmanl@usa.gov,Guatemala,662 Doe Crossing Alley
23,Brinn,McPike,507-(805)769-3796,bmcpikem@tripadvisor.com,Panama,09069 Debs Trail
24,Oralla,Belone,502-(249)307-6869,obelonen@salon.com,Guatemala,59 Westend Point
25,Robinetta,Byram,502-(638)104-5706,rbyramo@phoca.cz,Guatemala,3617 Oakridge Park
26,Neile,Kigelman,505-(217)818-3826,nkigelmanp@360.cn,Nicaragua,243 Fallview Way
27,Ferdinand,Edie,506-(726)655-4342,fedieq@who.int,Costa Rica,8 Golden Leaf Crossing
28,Maurine,Easom,502-(819)152-6810,measomr@microsoft.com,Guatemala,10 Summer Ridge Court
29,Townie,Bosanko,505-(125)124-7572,tbosankos@wikipedia.org,Nicaragua,36891 Pierstorff Street
30,Brook,Syncke,502-(671)860-6754,bsyncket@tinypic.com,Guatemala,9217 Gina Point
31,Arabel,Catherick,502-(999)830-2717,acathericku@storify.com,Guatemala,788 Randy Crossing
32,Ernie,Daysh,502-(812)322-1539,edayshv@mediafire.com,Guatemala,9 Dwight Center
33,Dal,Shires,507-(755)448-8751,dshiresw@berkeley.edu,Panama,86390 Melvin Park
34,Pablo,Gazey,502-(924)341-6328,pgazeyx@icio.us,Guatemala,5990 Butternut Alley
35,Jenna,Hendrich,502-(138)892-8878,jhendrichy@cafepress.com,Guatemala,017 Carberry Circle
36,Shena,Spering,506-(412)515-9422,ssperingz@vinaora.com,Costa Rica,17926 Dwight Place
37,Agnola,Cron,506-(441)597-2956,acron10@creativecommons.org,Costa Rica,712 Bultman Point
38,Hermann,Alexsandrowicz,505-(387)210-7682,halexsandrowicz11@unicef.org,Nicaragua,18365 Granby Way
39,Harlene,Jorio,502-(846)177-0977,hjorio12@dion.ne.jp,Guatemala,62088 Luster Park
40,Patsy,Hof,506-(374)948-1181,phof13@whitehouse.gov,Costa Rica,2 Hintze Park
41,Ashil,Canceller,507-(120)510-5656,acanceller14@list-manage.com,Panama,32 Oriole Terrace
42,Rakel,Eglese,507-(908)765-2499,reglese15@moonfruit.com,Panama,75 Crowley Hill
43,Muffin,Hensmans,505-(501)995-4145,mhensmans16@bloglovin.com,Nicaragua,9584 Monterey Parkway
44,Emlyn,Lenard,505-(192)447-3010,elenard17@tmall.com,Nicaragua,525 Graedel Parkway
45,Patricio,Seakin,506-(467)520-3117,pseakin18@php.net,Costa Rica,832 Farmco Point
46,Manda,Hallagan,502-(715)658-8379,mhallagan19@oakley.com,Guatemala,442 Prairie Rose Point
47,Tristam,Hardwich,502-(299)252-2489,thardwich1a@hexun.com,Guatemala,803 Hauk Street
48,Nickie,Arnald,502-(675)727-2749,narnald1b@baidu.com,Guatemala,60 Stang Terrace
49,Diahann,Yon,502-(889)960-2334,dyon1c@joomla.org,Guatemala,08 Main Junction
50,Chrysler,Tosdevin,502-(994)553-3737,ctosdevin1d@dagondesign.com,Guatemala,442 Blackbird Drive
51,Issi,MacAllester,507-(503)673-2949,imacallester1e@surveymonkey.com,Panama,984 Troy Point
52,Brooke,Leveridge,502-(449)765-8313,bleveridge1f@economist.com,Guatemala,32602 Glacier Hill Street
53,Chloris,Saunder,506-(382)563-7682,csaunder1g@senate.gov,Costa Rica,52 Kropf Avenue
54,Olav,O' Quirk,505-(656)221-7834,ooquirk1h@deviantart.com,Nicaragua,3216 Debs Plaza
55,Mathilde,Commuzzo,506-(403)512-6425,mcommuzzo1i@soup.io,Costa Rica,72 Moland Drive
56,Farlee,Davydychev,506-(679)540-7805,fdavydychev1j@lulu.com,Costa Rica,818 Sutherland Lane
57,Daisi,Neasam,502-(168)732-3014,dneasam1k@uol.com.br,Guatemala,183 West Trail
58,Dionis,Le Bosse,502-(831)156-1601,dlebosse1l@nyu.edu,Guatemala,897 Ryan Point
59,Sylvia,Warne,506-(235)798-1916,swarne1m@istockphoto.com,Costa Rica,3190 Jay Court
60,Wylma,Dedman,502-(158)323-8146,wdedman1n@sfgate.com,Guatemala,909 Hoepker Lane
61,Alexandro,Scarth,506-(413)588-6147,ascarth1o@walmart.com,Costa Rica,66631 Blaine Circle
62,Alexandrina,Cuncarr,502-(626)738-6440,acuncarr1p@studiopress.com,Guatemala,5 Sachs Hill
63,Matty,Vallery,506-(203)360-7281,mvallery1q@ucoz.com,Costa Rica,52 Myrtle Avenue
64,Loralie,Philpott,506-(847)544-6970,lphilpott1r@1688.com,Costa Rica,68 Fairview Lane
65,Tabatha,Antonias,505-(876)128-1735,tantonias1s@pagesperso-orange.fr,Nicaragua,07 Anthes Court
66,Wileen,McAlees,502-(306)868-2375,wmcalees1t@ucla.edu,Guatemala,426 Sommers Plaza
67,Lesli,Coomber,505-(929)149-3889,lcoomber1u@cafepress.com,Nicaragua,897 Crownhardt Way
68,Estevan,Jiricka,507-(296)821-7534,ejiricka1v@jigsy.com,Panama,7 Banding Way
69,Laurella,Ridgewell,505-(773)236-7108,lridgewell1w@lulu.com,Nicaragua,16815 Moulton Drive
70,Piper,Toft,507-(103)275-4233,ptoft1x@nyu.edu,Panama,300 Michigan Court
71,Bealle,Porrett,502-(316)280-0519,bporrett1y@bravesites.com,Guatemala,4847 Londonderry Way
72,Andris,Walburn,502-(536)227-2846,awalburn1z@vinaora.com,Guatemala,963 Vermont Parkway
73,Dexter,Lorenzini,505-(441)447-2442,dlorenzini20@ow.ly,Nicaragua,2 Burning Wood Lane
74,Michele,Skipton,502-(478)393-7178,mskipton21@tiny.cc,Guatemala,26 Harper Street
75,Cassaundra,McFade,502-(145)132-7879,cmcfade22@eventbrite.com,Guatemala,8 Sundown Crossing
76,Carlita,Berndsen,502-(117)654-3743,cberndsen23@nbcnews.com,Guatemala,3 Walton Road
77,Jerry,Clerk,505-(354)273-3588,jclerk24@is.gd,Nicaragua,63088 Kedzie Street
78,Hamel,Plumbridge,502-(371)298-5858,hplumbridge25@amazon.co.jp,Guatemala,54919 Mosinee Way
79,Henrietta,Stirland,502-(180)420-8181,hstirland26@prnewswire.com,Guatemala,86 Spohn Crossing
80,Boonie,Collin,502-(686)873-8501,bcollin27@npr.org,Guatemala,68030 Service Avenue
81,Luz,Kitching,505-(610)413-4109,lkitching28@utexas.edu,Nicaragua,5 Mayfield Hill
82,Murdoch,Boyack,507-(497)977-3113,mboyack29@linkedin.com,Panama,4043 Maywood Plaza
83,Sib,Coll,502-(745)995-3919,scoll2a@illinois.edu,Guatemala,3050 Pawling Way
84,Ransell,Shane,507-(729)719-2565,rshane2b@amazon.com,Panama,1651 Orin Place
85,Neel,Chowne,505-(349)760-1376,nchowne2c@un.org,Nicaragua,33029 Farwell Trail
86,Flossy,Kauffman,506-(658)853-6520,fkauffman2d@hp.com,Costa Rica,05834 Karstens Point
87,Lynde,Binne,502-(471)709-1224,lbinne2e@ucsd.edu,Guatemala,25587 American Ash Park
88,Norby,Gwyther,507-(681)233-5189,ngwyther2f@ebay.co.uk,Panama,94486 Center Circle
89,Irvin,Magee,502-(945)132-6764,imagee2g@mediafire.com,Guatemala,9 Stone Corner Terrace
90,Bryn,Newlands,502-(634)932-2978,bnewlands2h@google.cn,Guatemala,0 Almo Way
91,Melisa,Raine,505-(287)519-8244,mraine2i@photobucket.com,Nicaragua,76 Rieder Terrace
92,Davey,Leeburn,502-(666)205-9439,dleeburn2j@163.com,Guatemala,06377 Crest Line Road
93,Jerrine,Hazeup,502-(322)938-6937,jhazeup2k@mac.com,Guatemala,5480 Tennessee Plaza
94,Livvy,Biasini,502-(452)517-9137,lbiasini2l@quantcast.com,Guatemala,45505 Clove Avenue
95,Arri,Dibden,502-(663)455-3113,adibden2m@whitehouse.gov,Guatemala,0 Farragut Pass
96,Dud,Trenbay,506-(303)157-4679,dtrenbay2n@slashdot.org,Costa Rica,94465 Banding Plaza
97,Carmencita,Kiehne,507-(882)971-5441,ckiehne2o@cnbc.com,Panama,08416 Leroy Point
98,Laughton,Lewry,502-(848)729-0649,llewry2p@wiley.com,Guatemala,02 Cambridge Avenue
99,Marc,Tilmouth,506-(159)295-9859,mtilmouth2q@jigsy.com,Costa Rica,49503 Arrowood Lane
100,Olav,Dooman,502-(882)796-3513,odooman2r@discovery.com,Guatemala,70 Longview Park
101,Hermie,Varne,502-(645)804-7134,hvarne2s@ycombinator.com,Guatemala,85514 Talmadge Trail
102,Maurizio,Delacourt,507-(597)213-9995,mdelacourt2t@technorati.com,Panama,5 Calypso Parkway
103,Harlene,Deehan,505-(317)834-4666,hdeehan2u@fema.gov,Nicaragua,78192 Toban Parkway
104,Holden,Nutbrown,507-(267)636-9352,hnutbrown2v@prweb.com,Panama,1 Laurel Road
105,Deonne,Andrieu,502-(516)481-8416,dandrieu2w@wired.com,Guatemala,4007 Pond Place
106,Natalina,Spilsburie,502-(520)579-3309,nspilsburie2x@newyorker.com,Guatemala,0 Rieder Pass
107,Torin,Recke,506-(566)536-1965,trecke2y@cdc.gov,Costa Rica,7136 Hayes Lane
108,Rand,Dyche,502-(360)852-7541,rdyche2z@telegraph.co.uk,Guatemala,549 Barby Circle
109,Darryl,Lewerenz,507-(410)475-4496,dlewerenz30@census.gov,Panama,0 Forest Dale Crossing
110,Albert,Boulger,506-(372)400-4385,aboulger31@flickr.com,Costa Rica,28 Kedzie Street
111,Keith,Lennie,502-(576)420-7109,klennie32@si.edu,Guatemala,39 Ronald Regan Way
112,Pennie,Woodroofe,507-(293)548-6236,pwoodroofe33@cpanel.net,Panama,45 Manufacturers Parkway
113,Sheela,Mollin,507-(803)223-1471,smollin34@friendfeed.com,Panama,26425 Saint Paul Road
114,Almeda,Hanbidge,505-(808)876-0621,ahanbidge35@chron.com,Nicaragua,97690 Petterle Plaza
115,Mathias,McGready,505-(951)503-5639,mmcgready36@360.cn,Nicaragua,62 Blackbird Alley
116,Cathy,Liebrecht,502-(345)517-5607,cliebrecht37@altervista.org,Guatemala,26 Hollow Ridge Point
117,Pattie,Berthouloume,502-(710)856-1142,pberthouloume38@dropbox.com,Guatemala,466 Stuart Trail
118,Janaye,Yurasov,502-(302)535-3016,jyurasov39@over-blog.com,Guatemala,8424 Nevada Park
119,Raynard,Bossel,506-(357)592-6617,rbossel3a@bbc.co.uk,Costa Rica,08674 Elmside Lane
120,Mychal,Yurkiewicz,502-(231)160-6720,myurkiewicz3b@youtu.be,Guatemala,9 Magdeline Hill
121,Caryl,Gasking,502-(584)672-6913,cgasking3c@shop-pro.jp,Guatemala,385 Rutledge Hill
122,Bonni,Willatts,506-(479)910-9471,bwillatts3d@netvibes.com,Costa Rica,423 Old Gate Pass
123,Tildy,MacDowall,502-(615)273-5116,tmacdowall3e@dailymail.co.uk,Guatemala,2 Canary Park
124,Melessa,Cockney,507-(191)496-6562,mcockney3f@istockphoto.com,Panama,3383 Heath Circle
125,Tildie,Lunck,507-(534)447-3168,tlunck3g@plala.or.jp,Panama,45990 Becker Road
126,Griz,Ledekker,507-(581)339-1343,gledekker3h@twitter.com,Panama,900 Artisan Circle
127,Walton,Bifield,507-(460)565-4850,wbifield3i@miitbeian.gov.cn,Panama,65 Dexter Pass
128,Andrey,Adkins,502-(888)378-8457,aadkins3j@paypal.com,Guatemala,88 Roxbury Hill
129,Isacco,Routh,507-(184)366-7885,irouth3k@behance.net,Panama,38 Basil Park
130,Darryl,Janikowski,505-(910)487-5973,djanikowski3l@ted.com,Nicaragua,058 Alpine Crossing
131,Marinna,Sings,506-(387)858-6733,msings3m@simplemachines.org,Costa Rica,6 Burrows Avenue
132,Fanny,Percifull,505-(764)342-5825,fpercifull3n@exblog.jp,Nicaragua,584 Di Loreto Road
133,Fianna,Reynold,502-(194)668-3233,freynold3o@example.com,Guatemala,33 Comanche Circle
134,Fredek,Halahan,502-(139)878-8961,fhalahan3p@163.com,Guatemala,611 Fairview Point
135,Sallyanne,Lillicrap,502-(790)383-9200,slillicrap3q@acquirethisname.com,Guatemala,10698 5th Lane
136,Hamilton,McKennan,506-(733)628-3568,hmckennan3r@scribd.com,Costa Rica,173 Stuart Crossing
137,Gwenora,Gaymar,502-(561)316-4376,ggaymar3s@ted.com,Guatemala,2760 Sunbrook Street
138,Lauren,Alasdair,505-(614)296-3250,lalasdair3t@census.gov,Nicaragua,49678 Tennyson Park
139,Angil,Londer,502-(420)660-3684,alonder3u@cdc.gov,Guatemala,260 Mccormick Road
140,Ange,Vickors,502-(624)866-8111,avickors3v@canalblog.com,Guatemala,1978 Annamark Drive
141,Timoteo,Errol,502-(222)966-9127,terrol3w@over-blog.com,Guatemala,721 Elmside Plaza
142,Hildagard,McCarle,507-(312)701-7809,hmccarle3x@earthlink.net,Panama,1682 Bunker Hill Avenue
143,Deny,Jacobsz,506-(981)141-5065,djacobsz3y@who.int,Costa Rica,681 Becker Place
144,Tommie,Silbersak,505-(358)305-3917,tsilbersak3z@mysql.com,Nicaragua,79 Bultman Alley
145,Jacquelin,Fontelles,505-(835)404-7337,jfontelles40@barnesandnoble.com,Nicaragua,55 Namekagon Street
146,Chandler,Hance,502-(730)720-9861,chance41@wufoo.com,Guatemala,4 Dorton Junction
147,Emelita,Sanper,506-(909)597-4867,esanper42@furl.net,Costa Rica,05 Loomis Center
148,Jilli,Hunday,502-(324)682-1222,jhunday43@github.io,Guatemala,42776 Moose Center
149,Gareth,Braidwood,505-(664)351-3349,gbraidwood44@nbcnews.com,Nicaragua,68 Tony Street
150,Dag,McIlriach,505-(901)119-6927,dmcilriach45@qq.com,Nicaragua,79938 Ramsey Junction
151,Calv,L'oiseau,507-(189)264-6756,cloiseau46@cargocollective.com,Panama,7 Brentwood Court
152,Lory,Kerslake,507-(851)791-3464,lkerslake47@vk.com,Panama,47235 Autumn Leaf Lane
153,Twila,Vasenkov,502-(204)413-8892,tvasenkov48@archive.org,Guatemala,78331 Caliangt Crossing
154,Xavier,Mathonnet,502-(810)560-7562,xmathonnet49@w3.org,Guatemala,99 Brentwood Point
155,Kathye,Broggelli,507-(200)981-5841,kbroggelli4a@scientificamerican.com,Panama,4127 Truax Center
156,Andrea,Peyntue,502-(311)957-4274,apeyntue4b@weibo.com,Guatemala,4225 Kinsman Court
157,Rosaleen,Kleinholz,502-(878)736-7711,rkleinholz4c@skype.com,Guatemala,42859 Upham Court
158,Thaxter,Whoston,502-(130)952-0409,twhoston4d@cam.ac.uk,Guatemala,033 Anhalt Street
159,Agatha,Rohlfs,507-(773)263-5612,arohlfs4e@ucoz.ru,Panama,7 Bayside Court
160,Zach,Bidgod,506-(954)680-5308,zbidgod4f@businessweek.com,Costa Rica,6 6th Drive
161,Stephanie,Stut,502-(307)309-3571,sstut4g@toplist.cz,Guatemala,9032 Walton Way
162,Hatty,Tenniswood,502-(206)480-0473,htenniswood4h@theguardian.com,Guatemala,40 Stoughton Avenue
163,Maurita,Nesbeth,506-(289)685-3404,mnesbeth4i@tamu.edu,Costa Rica,98136 Esch Avenue
164,Bayard,Goddert.sf,502-(696)239-1294,bgoddertsf4j@hud.gov,Guatemala,095 Sachs Court
165,Cazzie,Dearlove,502-(794)975-9415,cdearlove4k@cnet.com,Guatemala,8 Maryland Trail
166,Inez,Ewens,505-(975)907-1000,iewens4l@is.gd,Nicaragua,2 Sloan Drive
167,Alexina,Simpkin,502-(958)100-7162,asimpkin4m@yellowpages.com,Guatemala,8 Dunning Pass
168,Lorine,Smitherman,506-(210)237-0641,lsmitherman4n@microsoft.com,Costa Rica,6945 Nevada Parkway
169,Tatiania,Rollo,506-(791)861-7616,trollo4o@reuters.com,Costa Rica,31 Duke Park
170,Tori,Ebbrell,502-(887)566-5792,tebbrell4p@purevolume.com,Guatemala,0 Kings Alley
171,Gustavus,Schapero,507-(368)386-8842,gschapero4q@odnoklassniki.ru,Panama,09480 Nobel Terrace
172,Elisabet,Maudling,506-(415)575-5122,emaudling4r@cocolog-nifty.com,Costa Rica,14 Becker Street
173,Florian,Paton,505-(525)706-7750,fpaton4s@dagondesign.com,Nicaragua,304 Longview Point
174,Gunter,Molines,502-(622)568-2338,gmolines4t@vistaprint.com,Guatemala,7141 Cody Center
175,Ede,McBrady,507-(626)190-8054,emcbrady4u@issuu.com,Panama,3 Upham Way
176,Rosalind,Sunner,505-(480)751-6667,rsunner4v@theguardian.com,Nicaragua,8 Morning Parkway
177,Inga,Jindacek,506-(968)684-9308,ijindacek4w@ucoz.com,Costa Rica,6 Division Park
178,Kaine,Seely,505-(570)180-8879,kseely4x@shutterfly.com,Nicaragua,081 Dahle Drive
179,Osborn,Abernethy,507-(716)750-7810,oabernethy4y@example.com,Panama,64399 Randy Center
180,Zelma,Bolsover,502-(375)791-7631,zbolsover4z@privacy.gov.au,Guatemala,7 Bunting Circle
181,Libbie,Silkstone,502-(437)396-2191,lsilkstone50@google.co.uk,Guatemala,0723 Heath Junction
182,Gwendolen,Guille,505-(898)549-6993,gguille51@is.gd,Nicaragua,7048 Ohio Avenue
183,Paxton,Pitchford,506-(460)122-1375,ppitchford52@joomla.org,Costa Rica,9645 Leroy Court
184,Ev,Denniss,507-(102)844-8478,edenniss53@biblegateway.com,Panama,821 Welch Alley
185,Jeanne,Odlin,507-(974)625-6652,jodlin54@wsj.com,Panama,5 Scott Terrace
186,Bernette,Bayman,506-(626)239-4224,bbayman55@epa.gov,Costa Rica,28 Fuller Parkway
187,Archie,Shorrock,507-(919)874-1974,ashorrock56@house.gov,Panama,3 Sullivan Street
188,Cheston,Drummer,505-(658)213-6495,cdrummer57@vistaprint.com,Nicaragua,10826 Blackbird Center
189,Rockie,Darter,505-(664)162-4662,rdarter58@imdb.com,Nicaragua,9 Moose Drive
190,Koo,Preshaw,506-(255)395-5335,kpreshaw59@sphinn.com,Costa Rica,761 Lawn Trail
191,Ruddy,Osmint,507-(851)332-9545,rosmint5a@washington.edu,Panama,0 Moulton Street
192,Josias,Tarte,507-(380)866-8145,jtarte5b@archive.org,Panama,81 Del Sol Pass
193,Irwin,Trim,506-(483)273-9780,itrim5c@so-net.ne.jp,Costa Rica,1175 Laurel Road
194,Rheba,Loughton,502-(213)718-3129,rloughton5d@freewebs.com,Guatemala,47239 Superior Circle
195,Kirsten,Tatersale,502-(465)656-3108,ktatersale5e@rambler.ru,Guatemala,24480 School Point
196,Hettie,Hindrich,507-(759)267-0362,hhindrich5f@nyu.edu,Panama,55383 Clove Lane
197,Valdemar,Reavey,506-(824)683-9270,vreavey5g@google.co.uk,Costa Rica,4 Red Cloud Road
198,Adrianne,Linnard,506-(659)264-6266,alinnard5h@netvibes.com,Costa Rica,83 Bellgrove Parkway
199,Morty,Redihough,502-(212)745-8522,mredihough5i@un.org,Guatemala,11 Holmberg Trail
200,Nananne,O'Teague,502-(854)198-1740,noteague5j@mail.ru,Guatemala,70107 Corscot Park
201,Cecil,Sweett,505-(502)572-9130,csweett5k@whitehouse.gov,Nicaragua,94 Beilfuss Road
202,Nicholas,Schwant,506-(771)647-3025,nschwant5l@usnews.com,Costa Rica,1 Gulseth Terrace
203,Annice,Catlin,507-(996)499-7272,acatlin5m@si.edu,Panama,1315 Acker Way
204,Flss,Kleynen,507-(257)755-6541,fkleynen5n@4shared.com,Panama,36313 Mandrake Pass
205,Veronika,Kenefick,502-(569)712-7157,vkenefick5o@instagram.com,Guatemala,475 Randy Parkway
206,Odele,Kersey,506-(639)269-7267,okersey5p@feedburner.com,Costa Rica,66867 Bartelt Park
207,Duke,Davitt,502-(652)200-7041,ddavitt5q@skyrock.com,Guatemala,8 Shasta Court
208,Harwell,Crosham,505-(546)459-0730,hcrosham5r@infoseek.co.jp,Nicaragua,813 Maryland Place
209,Nelson,Towne,507-(644)161-6374,ntowne5s@dion.ne.jp,Panama,08897 Walton Way
210,Ariadne,Trow,507-(771)949-3474,atrow5t@biglobe.ne.jp,Panama,331 Havey Hill
211,Cassondra,Birkenshaw,505-(228)224-1881,cbirkenshaw5u@sogou.com,Nicaragua,8528 Grasskamp Court
212,Joan,MacCafferky,505-(687)882-4900,jmaccafferky5v@umn.edu,Nicaragua,5066 Pepper Wood Alley
213,Lucy,Creboe,502-(502)616-8656,lcreboe5w@flickr.com,Guatemala,8 Claremont Street
214,Jewelle,Dilkes,506-(456)127-2638,jdilkes5x@skyrock.com,Costa Rica,33 Claremont Junction
215,Burnaby,Petriello,502-(236)714-5367,bpetriello5y@thetimes.co.uk,Guatemala,7027 Moose Crossing
216,Bern,Banks,502-(868)708-5810,bbanks5z@nyu.edu,Guatemala,141 Buhler Hill
217,Taylor,Beartup,502-(161)952-0273,tbeartup60@weibo.com,Guatemala,010 Corben Crossing
218,Vivi,Balas,502-(100)777-1494,vbalas61@fastcompany.com,Guatemala,1 Hauk Drive
219,Gordy,Beston,505-(745)236-8923,gbeston62@cbsnews.com,Nicaragua,854 Debra Terrace
220,Virgina,Edmott,505-(433)765-1801,vedmott63@merriam-webster.com,Nicaragua,9887 Schiller Lane
221,Rubina,MacGruer,506-(713)592-5235,rmacgruer64@woothemes.com,Costa Rica,5462 Ludington Court
222,Evvie,Lonsbrough,502-(435)780-1772,elonsbrough65@moonfruit.com,Guatemala,505 Londonderry Point
223,Staci,Clemenceau,507-(773)159-6828,sclemenceau66@state.tx.us,Panama,08 Weeping Birch Center
224,Charlotte,Fenkel,502-(989)317-7814,cfenkel67@example.com,Guatemala,8 Pankratz Street
225,Roseanne,Philbin,507-(565)847-0097,rphilbin68@csmonitor.com,Panama,59 Loeprich Way
226,Saraann,Haensel,507-(193)909-3490,shaensel69@ezinearticles.com,Panama,111 6th Crossing
227,Arturo,Champneys,506-(957)505-4578,achampneys6a@dailymotion.com,Costa Rica,3368 Morningstar Plaza
228,Ancell,Tal,507-(912)828-9864,atal6b@cpanel.net,Panama,7 Menomonie Crossing
229,Esdras,Watterson,502-(997)121-2901,ewatterson6c@comsenz.com,Guatemala,60 Towne Place
230,Chrissy,Grigorushkin,502-(946)325-6462,cgrigorushkin6d@nbcnews.com,Guatemala,6 Independence Hill
231,Lisbeth,Smeuin,502-(126)847-6585,lsmeuin6e@miitbeian.gov.cn,Guatemala,89587 Morning Avenue
232,Emlen,Dupey,502-(893)639-4741,edupey6f@sina.com.cn,Guatemala,8 Hollow Ridge Avenue
233,Harris,Orbine,506-(833)979-0785,horbine6g@hibu.com,Costa Rica,72 Pine View Crossing
234,Glen,Sunners,506-(135)315-0955,gsunners6h@ebay.com,Costa Rica,77803 Spenser Road
235,Kurt,Brower,505-(557)184-8816,kbrower6i@blogs.com,Nicaragua,16464 Kinsman Lane
236,Mitchell,Medlicott,505-(652)294-1981,mmedlicott6j@elegantthemes.com,Nicaragua,077 Starling Lane
237,Andriette,Whitebread,502-(869)518-3369,awhitebread6k@prnewswire.com,Guatemala,359 Michigan Hill
238,Zackariah,Kenewel,502-(932)686-9371,zkenewel6l@freewebs.com,Guatemala,33827 Eagle Crest Place
239,Shay,Teideman,502-(401)221-1548,steideman6m@ezinearticles.com,Guatemala,68 Shopko Point
240,Cathie,Lethardy,502-(413)756-9204,clethardy6n@rediff.com,Guatemala,676 Swallow Point
241,Jens,Jarad,507-(732)371-3538,jjarad6o@networkadvertising.org,Panama,049 Waubesa Avenue
242,Lambert,Arkwright,507-(826)707-2666,larkwright6p@goodreads.com,Panama,8 Golf Street
243,Bert,Quarterman,505-(126)209-6637,bquarterman6q@plala.or.jp,Nicaragua,05 Bayside Pass
244,Margit,Francomb,507-(571)623-2587,mfrancomb6r@myspace.com,Panama,2127 Eastwood Center
245,Eldin,Connold,506-(372)951-8730,econnold6s@4shared.com,Costa Rica,91 Vermont Drive
246,Gabey,Cancelier,502-(261)910-9631,gcancelier6t@prweb.com,Guatemala,76 Caliangt Center
247,Nichols,Place,505-(479)336-7965,nplace6u@yahoo.com,Nicaragua,7644 Scoville Street
248,Inna,Bahde,502-(879)265-2604,ibahde6v@i2i.jp,Guatemala,318 Nelson Hill
249,Miranda,Bister,506-(179)294-4773,mbister6w@cnn.com,Costa Rica,2649 Corry Drive
250,Joe,World,506-(892)451-1326,jworld6x@nymag.com,Costa Rica,21051 Birchwood Lane
251,Ariela,Storre,502-(932)472-2217,astorre6y@rambler.ru,Guatemala,3 Weeping Birch Center
252,Viviana,Edmons,506-(889)179-6787,vedmons6z@google.fr,Costa Rica,5 Clemons Avenue
253,Emilio,Nisard,506-(381)765-2485,enisard70@businessweek.com,Costa Rica,2 Artisan Pass
254,Whitby,Hoyt,506-(143)100-2514,whoyt71@123-reg.co.uk,Costa Rica,78683 Parkside Terrace
255,Aggi,Ambrogio,507-(961)900-1058,aambrogio72@jigsy.com,Panama,32 Becker Point
256,Ulrich,Farey,506-(354)292-9115,ufarey73@wikimedia.org,Costa Rica,3 Hoffman Hill
257,Amie,Vakhlov,505-(138)511-1649,avakhlov74@boston.com,Nicaragua,22393 Clyde Gallagher Place
258,Evangelia,Panchin,502-(742)301-7733,epanchin75@icq.com,Guatemala,022 Stang Place
259,Ruthy,Gaskal,502-(987)482-9963,rgaskal76@mozilla.org,Guatemala,20 Drewry Drive
260,Romola,Jandera,502-(119)130-8587,rjandera77@va.gov,Guatemala,84872 Algoma Drive
261,Alfy,Jacobssen,506-(154)666-9398,ajacobssen78@lycos.com,Costa Rica,1943 Norway Maple Alley
262,Paule,Peoples,505-(798)689-6558,ppeoples79@globo.com,Nicaragua,6 Summerview Parkway
263,Norina,Topham,506-(238)201-6956,ntopham7a@blogger.com,Costa Rica,201 Moulton Alley
264,Thadeus,Dysert,502-(572)315-6256,tdysert7b@biglobe.ne.jp,Guatemala,672 Walton Street
265,Roxie,Kleszinski,502-(267)945-6696,rkleszinski7c@bravesites.com,Guatemala,5887 Northland Lane
266,Barry,Benzie,507-(659)176-0862,bbenzie7d@biblegateway.com,Panama,767 Schmedeman Plaza
267,Brock,Chazotte,507-(420)846-8410,bchazotte7e@upenn.edu,Panama,450 Northridge Hill
268,Demetra,Zoren,502-(248)311-4698,dzoren7f@nationalgeographic.com,Guatemala,9 Ridge Oak Place
269,Lombard,Gerty,506-(193)124-0231,lgerty7g@plala.or.jp,Costa Rica,531 Kinsman Terrace
270,Jonas,Cornell,507-(416)176-1792,jcornell7h@creativecommons.org,Panama,56717 Buell Road
271,Diana,Siggers,502-(469)147-6577,dsiggers7i@elegantthemes.com,Guatemala,34280 Southridge Point
272,Scot,Kennet,502-(375)617-8092,skennet7j@nps.gov,Guatemala,3 Dunning Point
273,Mike,Goudie,506-(346)217-3790,mgoudie7k@amazon.com,Costa Rica,182 Colorado Avenue
274,Leopold,Pinkie,505-(386)864-8860,lpinkie7l@elegantthemes.com,Nicaragua,31572 Morning Crossing
275,Alvira,Fallawe,506-(873)749-2195,afallawe7m@csmonitor.com,Costa Rica,22 Becker Hill
276,Derk,Annakin,507-(838)497-5706,dannakin7n@sitemeter.com,Panama,14 Petterle Place
277,Hermon,Sloley,505-(458)613-7256,hsloley7o@cbslocal.com,Nicaragua,2859 Moose Parkway
278,Ade,Radmore,505-(784)565-3098,aradmore7p@cyberchimps.com,Nicaragua,0 Fuller Point
279,Edvard,Faulds,506-(275)139-1023,efaulds7q@cdc.gov,Costa Rica,4 Karstens Street
280,Cassandry,Bellon,506-(571)902-7266,cbellon7r@blogspot.com,Costa Rica,9745 Kropf Parkway
281,Torre,Shapiro,507-(300)914-7657,tshapiro7s@soundcloud.com,Panama,07085 Porter Center
282,Eddy,Bayliss,507-(935)530-7945,ebayliss7t@comsenz.com,Panama,0 Steensland Parkway
283,Willa,Nayshe,505-(368)616-9817,wnayshe7u@independent.co.uk,Nicaragua,80 Cottonwood Way
284,Gabrielle,Kestle,507-(583)397-6575,gkestle7v@tripadvisor.com,Panama,92 Dwight Lane
285,Teriann,Licas,506-(999)649-3454,tlicas7w@nymag.com,Costa Rica,8177 Longview Street
286,Kaylyn,Moger,505-(460)442-4937,kmoger7x@google.fr,Nicaragua,4152 Crescent Oaks Center
287,Kalvin,Donke,506-(576)103-3950,kdonke7y@eventbrite.com,Costa Rica,81 Namekagon Crossing
288,Vivien,Browse,506-(394)392-7159,vbrowse7z@admin.ch,Costa Rica,9 Toban Plaza
289,Brandy,Heaphy,502-(258)403-9842,bheaphy80@apache.org,Guatemala,580 Twin Pines Park
290,Celie,Jovey,502-(171)585-7947,cjovey81@xing.com,Guatemala,067 Springs Court
291,Silvester,Mehew,505-(653)360-9910,smehew82@squarespace.com,Nicaragua,4915 Westport Way
292,Aleen,Bebis,505-(694)392-4903,abebis83@feedburner.com,Nicaragua,62794 Atwood Parkway
293,Tybalt,Allchin,506-(885)872-6048,tallchin84@soundcloud.com,Costa Rica,1 Onsgard Terrace
294,Charis,Mellers,507-(849)442-0318,cmellers85@ibm.com,Panama,3 Schlimgen Circle
295,Noell,Pegrum,506-(792)793-8913,npegrum86@phpbb.com,Costa Rica,0528 Canary Point
296,Chico,Kliesl,502-(247)162-7753,ckliesl87@stanford.edu,Guatemala,23 Briar Crest Circle
297,Jacquenette,Pistol,505-(108)780-3073,jpistol88@cbc.ca,Nicaragua,574 Hayes Alley
298,Barnabas,Kubasiewicz,502-(451)536-2595,bkubasiewicz89@nbcnews.com,Guatemala,4342 Sheridan Trail
299,Johnathon,Bris,502-(171)781-7539,jbris8a@163.com,Guatemala,7 Kensington Street
300,Diannne,Devlin,502-(921)652-4682,ddevlin8b@instagram.com,Guatemala,4 Butternut Center
301,Lavinie,Haime,507-(466)948-3164,lhaime8c@lycos.com,Panama,3446 Village Green Terrace
302,Retha,Maleby,506-(410)513-5040,rmaleby8d@ucoz.com,Costa Rica,2001 Elka Point
303,Roley,Coad,507-(630)591-9981,rcoad8e@earthlink.net,Panama,252 Vera Way
304,Wildon,Driver,505-(289)798-5396,wdriver8f@fema.gov,Nicaragua,78073 Rieder Pass
305,Isidro,Atchly,506-(990)143-7341,iatchly8g@go.com,Costa Rica,6869 Anhalt Center
306,Benjamen,Yosevitz,502-(241)252-5946,byosevitz8h@pbs.org,Guatemala,6870 Holmberg Plaza
307,Lilli,Guillon,507-(676)426-2399,lguillon8i@constantcontact.com,Panama,76 Mayfield Alley
308,Valdemar,Dinnage,506-(628)566-9471,vdinnage8j@about.me,Costa Rica,593 Spohn Avenue
309,Katuscha,Hayller,502-(378)806-6911,khayller8k@altervista.org,Guatemala,2476 Nevada Center
310,Rosie,Layton,502-(629)393-9687,rlayton8l@parallels.com,Guatemala,19147 Express Plaza
311,Claudie,Tidd,502-(910)144-3949,ctidd8m@businessweek.com,Guatemala,78 Muir Parkway
312,Mirella,Duff,502-(459)634-2395,mduff8n@godaddy.com,Guatemala,1105 Pawling Circle
313,Jaclyn,Hirjak,505-(895)115-9127,jhirjak8o@seesaa.net,Nicaragua,41623 Lien Plaza
314,Niki,Sowthcote,507-(210)656-1495,nsowthcote8p@alibaba.com,Panama,52587 Barby Lane
315,Raimundo,Malafe,506-(827)143-7270,rmalafe8q@lycos.com,Costa Rica,0 Farmco Pass
316,Hilliary,De Cristoforo,507-(534)995-8186,hdecristoforo8r@networksolutions.com,Panama,9431 Gale Junction
317,Candie,Shorbrook,505-(597)744-3971,cshorbrook8s@weather.com,Nicaragua,5061 Cambridge Street
318,Courtenay,Bunch,502-(718)436-7268,cbunch8t@ask.com,Guatemala,047 Kensington Center
319,Janette,Rowbotham,506-(568)862-9770,jrowbotham8u@hugedomains.com,Costa Rica,643 Paget Center
320,Chev,Hynd,507-(182)315-5904,chynd8v@tamu.edu,Panama,771 Menomonie Hill
321,Veronique,Pudney,506-(378)944-7824,vpudney8w@who.int,Costa Rica,68700 South Center
322,Valaria,Putt,502-(185)857-3837,vputt8x@noaa.gov,Guatemala,5 Hauk Drive
323,Jeffie,Aickin,507-(809)793-6086,jaickin8y@yellowbook.com,Panama,0 Maple Lane
324,Iorgos,Rossetti,505-(500)109-4203,irossetti8z@paypal.com,Nicaragua,2600 Golf Court
325,Anthiathia,Blanpein,502-(748)493-8009,ablanpein90@feedburner.com,Guatemala,963 Acker Crossing
326,Verney,Tavener,507-(426)281-3352,vtavener91@i2i.jp,Panama,69 Chinook Trail
327,Donnajean,Bonicelli,507-(978)290-2064,dbonicelli92@howstuffworks.com,Panama,4 Butterfield Place
328,Don,Blankau,507-(336)957-6672,dblankau93@hatena.ne.jp,Panama,4 Lerdahl Lane
329,Torrence,Doughty,502-(444)757-6199,tdoughty94@networksolutions.com,Guatemala,5 Elmside Crossing
330,Salome,Carter,505-(165)780-2140,scarter95@discuz.net,Nicaragua,9 Hintze Terrace
331,Nehemiah,Bagg,506-(265)595-8721,nbagg96@nyu.edu,Costa Rica,2453 Oneill Parkway
332,Timothea,Smales,502-(970)995-0980,tsmales97@myspace.com,Guatemala,33388 Dunning Avenue
333,Ward,Flavelle,502-(531)341-3970,wflavelle98@mac.com,Guatemala,0 Coolidge Way
334,Sashenka,Bowdon,505-(484)416-2018,sbowdon99@wix.com,Nicaragua,7 Di Loreto Alley
335,Thalia,Minker,507-(251)411-4242,tminker9a@dailymotion.com,Panama,22851 Goodland Drive
336,Hilary,Hayworth,506-(743)481-1574,hhayworth9b@jiathis.com,Costa Rica,51279 Barby Way
337,Phelia,Baker,506-(149)508-1864,pbaker9c@yale.edu,Costa Rica,676 Jay Road
338,Madalena,Alesin,506-(844)840-1255,malesin9d@hubpages.com,Costa Rica,6274 Fordem Pass
339,Joye,Tildesley,502-(995)759-2684,jtildesley9e@twitpic.com,Guatemala,17 Paget Junction
340,Timmie,Barthot,502-(167)375-0471,tbarthot9f@ihg.com,Guatemala,216 Bayside Circle
341,Almira,Medmore,502-(444)970-2514,amedmore9g@nytimes.com,Guatemala,732 Killdeer Avenue
342,Rodrick,Athy,505-(222)481-3892,rathy9h@spiegel.de,Nicaragua,3771 Kipling Hill
343,Vail,Merryweather,502-(163)841-2933,vmerryweather9i@webmd.com,Guatemala,8624 Jenifer Road
344,Ward,Gaddie,507-(730)952-2064,wgaddie9j@newyorker.com,Panama,5 Brentwood Place
345,Cecilia,Copestake,506-(358)721-2077,ccopestake9k@netlog.com,Costa Rica,7467 Merrick Lane
346,Ignace,Rengger,505-(731)769-8412,irengger9l@fotki.com,Nicaragua,9298 Heffernan Avenue
347,Fernandina,Toyne,502-(447)471-1655,ftoyne9m@ibm.com,Guatemala,35 Michigan Alley
348,Cleavland,Farlham,506-(625)434-0225,cfarlham9n@scribd.com,Costa Rica,410 Jackson Court
349,Annabelle,Castellone,506-(971)713-8703,acastellone9o@twitpic.com,Costa Rica,37 Artisan Circle
350,Aggie,Scarfe,507-(793)651-5309,ascarfe9p@bloglines.com,Panama,9 Charing Cross Alley
351,Aurora,Morrison,506-(236)143-0141,amorrison9q@g.co,Costa Rica,154 Manley Parkway
352,Verina,Berrecloth,502-(417)376-2162,vberrecloth9r@chronoengine.com,Guatemala,4685 Charing Cross Court
353,Corny,Goretti,506-(950)920-1341,cgoretti9s@sina.com.cn,Costa Rica,23419 Bartelt Point
354,Valery,Cook,506-(633)493-0447,vcook9t@paypal.com,Costa Rica,4 Ridgeview Road
355,Eloisa,Gammet,505-(276)241-1875,egammet9u@ameblo.jp,Nicaragua,84 Dawn Place
356,Fielding,Mettricke,502-(627)491-0681,fmettricke9v@technorati.com,Guatemala,115 Lotheville Point
357,Harlene,Upston,505-(617)212-0162,hupston9w@cafepress.com,Nicaragua,0492 Shopko Drive
358,Jessy,McQuaker,502-(631)276-4674,jmcquaker9x@census.gov,Guatemala,7 Corry Crossing
359,Cody,Milbourn,502-(318)925-5856,cmilbourn9y@studiopress.com,Guatemala,16549 Ridge Oak Point
360,Cordi,Fiorentino,505-(826)251-2696,cfiorentino9z@oracle.com,Nicaragua,7925 Loeprich Road
361,Kennith,Bleue,507-(972)774-9948,kbleuea0@wp.com,Panama,5076 Monterey Crossing
362,Aguie,Cator,507-(622)702-3417,acatora1@boston.com,Panama,6170 Green Park
363,Jenilee,Weitzel,507-(913)504-5399,jweitzela2@virginia.edu,Panama,3 Bayside Way
364,Kimberli,Ecclesall,506-(180)563-8199,kecclesalla3@blogger.com,Costa Rica,4 4th Plaza
365,Cyb,McIntosh,505-(837)290-2630,cmcintosha4@blogger.com,Nicaragua,74 Merry Terrace
366,Caty,"Garbutt,",507-(869)268-6228,cgarbutta5@nih.gov,Panama,9 Cordelia Parkway
367,Stacia,Philbrick,502-(503)578-4649,sphilbricka6@youku.com,Guatemala,78072 Birchwood Park
368,Waldon,Spain-Gower,507-(177)216-5555,wspaingowera7@netlog.com,Panama,6 Thompson Terrace
369,Nicola,Piddington,502-(673)245-5492,npiddingtona8@friendfeed.com,Guatemala,15 Lyons Park
370,Sonnnie,Henstridge,507-(627)432-4666,shenstridgea9@google.com.au,Panama,107 East Pass
371,Edmund,Bilt,502-(891)380-6735,ebiltaa@mtv.com,Guatemala,520 Hanson Avenue
372,Hermann,Cuppleditch,506-(179)651-2798,hcuppleditchab@mapy.cz,Costa Rica,64117 Miller Way
373,Staci,Castelletti,505-(843)881-0554,scastellettiac@vinaora.com,Nicaragua,44611 Clemons Court
374,Kassi,Softley,502-(300)448-2113,ksoftleyad@example.com,Guatemala,35847 Quincy Plaza
375,Lin,Bails,502-(863)403-5618,lbailsae@npr.org,Guatemala,06924 Anniversary Trail
376,Maurits,Tawn,506-(222)402-6741,mtawnaf@digg.com,Costa Rica,415 Truax Lane
377,Mozelle,Crompton,506-(158)904-6279,mcromptonag@cnn.com,Costa Rica,07 Shelley Court
378,Leland,Schoales,507-(701)127-7403,lschoalesah@ow.ly,Panama,581 Bartillon Circle
379,Dukey,Old,502-(549)620-8303,doldai@photobucket.com,Guatemala,7 Magdeline Road
380,Scot,Bolderson,505-(237)170-6384,sboldersonaj@networksolutions.com,Nicaragua,67532 Melby Plaza
381,Kimberley,Cranfield,507-(539)553-9065,kcranfieldak@biglobe.ne.jp,Panama,7686 Ryan Point
382,Essie,Thoumas,502-(390)888-3427,ethoumasal@vimeo.com,Guatemala,97455 Gateway Circle
383,Kirsten,Brigshaw,505-(760)739-7784,kbrigshawam@opera.com,Nicaragua,7 Carey Street
384,Gillie,Simeoni,502-(877)581-9805,gsimeonian@howstuffworks.com,Guatemala,84267 Union Road
385,Thatch,De Leek,502-(508)738-0704,tdeleekao@adobe.com,Guatemala,75081 Forest Run Avenue
386,Kettie,Metts,506-(730)571-1228,kmettsap@ameblo.jp,Costa Rica,94471 Sunfield Lane
387,Eleonore,Hynson,505-(839)513-8870,ehynsonaq@archive.org,Nicaragua,4 Drewry Drive
388,Rodney,Alger,507-(661)246-6283,ralgerar@t.co,Panama,95633 Petterle Junction
389,Malva,Sleford,506-(469)461-8004,mslefordas@hatena.ne.jp,Costa Rica,71 Bultman Parkway
390,Leoine,Rene,507-(986)752-1254,lreneat@yolasite.com,Panama,1 Commercial Point
391,Orran,Baxstar,507-(958)101-5942,obaxstarau@tripadvisor.com,Panama,13 Harper Terrace
392,Hattie,Philcox,505-(209)765-3199,hphilcoxav@nyu.edu,Nicaragua,2 Manitowish Junction
393,Iosep,Tewnion,502-(668)377-3852,itewnionaw@pcworld.com,Guatemala,5 Bobwhite Pass
394,Cody,McJury,502-(662)426-6267,cmcjuryax@china.com.cn,Guatemala,8311 Almo Road
395,North,Lindsay,502-(679)314-9536,nlindsayay@dion.ne.jp,Guatemala,70 Delaware Center
396,Demetris,Du Plantier,507-(779)698-6050,dduplantieraz@bravesites.com,Panama,646 Kim Trail
397,Nerita,Filov,507-(540)436-6013,nfilovb0@smugmug.com,Panama,949 Columbus Pass
398,Gilburt,Lawler,502-(777)479-1504,glawlerb1@bloglines.com,Guatemala,960 Leroy Road
399,Reggie,Toye,502-(977)596-1635,rtoyeb2@accuweather.com,Guatemala,36481 Forest Pass
400,Mari,Kobisch,507-(274)226-2086,mkobischb3@state.gov,Panama,1999 Rieder Center
401,Candi,Prayer,502-(263)954-4554,cprayerb4@state.gov,Guatemala,44 Kensington Road
402,Donal,Josef,502-(253)838-8283,djosefb5@behance.net,Guatemala,248 Crescent Oaks Lane
403,Lennard,Gwynn,507-(874)143-6538,lgwynnb6@go.com,Panama,77126 Saint Paul Place
404,Bobbi,Muirden,507-(364)207-0202,bmuirdenb7@myspace.com,Panama,75234 Maple Street
405,Carmel,Fritchly,502-(344)226-2544,cfritchlyb8@ox.ac.uk,Guatemala,297 Lake View Terrace
406,Ora,Cable,502-(233)454-9282,ocableb9@t-online.de,Guatemala,01797 Blue Bill Park Road
407,Corly,Griswaite,502-(709)450-6087,cgriswaiteba@e-recht24.de,Guatemala,4616 Continental Plaza
408,Parrnell,Pauly,507-(116)629-9452,ppaulybb@plala.or.jp,Panama,89676 Shelley Center
409,Nate,Amdohr,505-(845)927-3427,namdohrbc@smh.com.au,Nicaragua,21 Heath Point
410,Chiquia,Cairney,502-(616)481-0335,ccairneybd@com.com,Guatemala,1428 Waxwing Junction
411,Chrissy,Millthorpe,507-(852)360-6807,cmillthorpebe@geocities.com,Panama,60718 Elgar Place
412,Bank,Jenken,507-(706)551-3676,bjenkenbf@tiny.cc,Panama,8 Vermont Street
413,Rubin,Portt,505-(533)456-1122,rporttbg@oaic.gov.au,Nicaragua,76411 Menomonie Court
414,Efrem,Yokley,502-(476)107-1618,eyokleybh@usgs.gov,Guatemala,6 Old Gate Parkway
415,Nevil,Zuenelli,505-(901)139-8937,nzuenellibi@friendfeed.com,Nicaragua,4394 Becker Crossing
416,Ethe,Preddy,506-(667)370-2523,epreddybj@issuu.com,Costa Rica,696 Truax Crossing
417,Cash,Prandy,505-(662)615-4783,cprandybk@google.com,Nicaragua,9623 Holy Cross Road
418,Larissa,De Lasci,505-(277)706-7555,ldelascibl@stanford.edu,Nicaragua,511 Northridge Drive
419,Ezra,Meadley,506-(969)944-7896,emeadleybm@google.com,Costa Rica,847 Logan Lane
420,Reamonn,Peart,507-(437)878-9263,rpeartbn@creativecommons.org,Panama,1 Mifflin Circle
421,Ursala,Miskin,507-(119)829-7548,umiskinbo@canalblog.com,Panama,3342 Cherokee Place
422,Noam,Saiz,507-(567)695-0266,nsaizbp@prlog.org,Panama,56 Susan Plaza
423,Quinlan,Moulder,506-(934)742-8077,qmoulderbq@plala.or.jp,Costa Rica,635 Maple Parkway
424,Godfree,Draysey,502-(121)436-7313,gdrayseybr@networksolutions.com,Guatemala,97 Corben Terrace
425,Lorraine,Romero,506-(470)754-1214,lromerobs@fema.gov,Costa Rica,39 Buhler Place
426,Tracey,Brandon,506-(628)638-5523,tbrandonbt@pcworld.com,Costa Rica,37314 Division Street
427,Pete,Ham,502-(401)614-6058,phambu@wikia.com,Guatemala,73349 Novick Junction
428,Vivianne,Sargant,505-(704)979-2330,vsargantbv@webeden.co.uk,Nicaragua,940 Blue Bill Park Street
429,Woody,Lebrun,506-(607)985-6713,wlebrunbw@jimdo.com,Costa Rica,8336 Shopko Center
430,Belva,Blatcher,502-(807)790-4636,bblatcherbx@bigcartel.com,Guatemala,007 Swallow Place
431,Blondelle,McCreary,507-(519)379-8128,bmccrearyby@zdnet.com,Panama,4247 Algoma Pass
432,Coraline,Guiu,502-(188)412-4985,cguiubz@marriott.com,Guatemala,60 Del Mar Road
433,Neall,Mitrovic,507-(279)430-7959,nmitrovicc0@wsj.com,Panama,3265 Village Green Alley
434,Larisa,Cummings,507-(703)658-8709,lcummingsc1@thetimes.co.uk,Panama,8 Artisan Court
435,Ingra,Musgrove,502-(813)135-6751,imusgrovec2@guardian.co.uk,Guatemala,5305 Melvin Place
436,Glen,Potter,506-(900)561-7671,gpotterc3@theglobeandmail.com,Costa Rica,93350 Duke Place
437,Kaia,Dumelow,506-(711)683-7992,kdumelowc4@house.gov,Costa Rica,15725 Arkansas Circle
438,Rachel,Ovitz,502-(471)185-5441,rovitzc5@unesco.org,Guatemala,3 Bay Place
439,Colby,Pawelczyk,506-(140)547-6769,cpawelczykc6@bbb.org,Costa Rica,277 Heath Center
440,Mercy,Bridgman,506-(628)251-8987,mbridgmanc7@cmu.edu,Costa Rica,0577 Annamark Avenue
441,Anet,Leguay,502-(286)538-6860,aleguayc8@wikimedia.org,Guatemala,4 Morning Way
442,Kimble,Rosengart,502-(619)473-0776,krosengartc9@drupal.org,Guatemala,09 Grasskamp Lane
443,Gregory,Marshalleck,502-(350)746-5661,gmarshalleckca@microsoft.com,Guatemala,863 Butternut Circle
444,Arel,Cestard,502-(235)985-3340,acestardcb@dagondesign.com,Guatemala,10 Eastlawn Lane
445,Jessamine,McLeary,507-(114)800-4387,jmclearycc@google.es,Panama,4718 Crest Line Parkway
446,Timmie,Okie,505-(122)204-3675,tokiecd@prweb.com,Nicaragua,21701 Algoma Hill
447,Dalston,Obispo,505-(742)303-4753,dobispoce@bing.com,Nicaragua,8 Oxford Center
448,Ermin,Gloucester,505-(580)786-2768,egloucestercf@walmart.com,Nicaragua,07822 Hansons Center
449,Kippie,Snoxall,502-(354)702-1478,ksnoxallcg@google.com,Guatemala,5 Huxley Alley
450,Antoinette,Bethune,506-(830)196-9176,abethunech@51.la,Costa Rica,4 Emmet Drive