id,first_name,last_name,phone,email,country,address
1,Cherida,Berthon,502-(353)627-1298,cberthon0@ask.com,Guatemala,3 Sommers Lane
2,Noby,Ableson,507-(406)870-4775,nableson1@goo.ne.jp,Panama,7 Basil Plaza
3,Jolie,Dudson,502-(338)496-4325,jdudson2@paypal.com,Guatemala,21 Sherman Crossing
4,Carin,Loosely,507-(169)932-1323,cloosely3@addthis.com,Panama,74489 Schlimgen Court
5,Mariele,Issac,502-(129)941-5280,missac4@furl.net,Guatemala,230 Forster Avenue
6,Elvis,Tybalt,505-(372)103-9169,etybalt5@admin.ch,Nicaragua,86 Hermina Road
7,Dorothy,Mordey,505-(317)783-3144,dmordey6@eepurl.com,Nicaragua,931 Stephen Crossing
8,Bink,O'Scully,506-(870)510-4093,boscully7@bandcamp.com,Costa Rica,63294 Banding Hill
9,Bevan,Elwood,502-(260)190-7954,belwood8@51.la,Guatemala,7 Randy Lane
10,Leonore,Jagoe,505-(182)292-9944,ljagoe9@cyberchimps.com,Nicaragua,874 Chinook Way
11,Karlik,Reade,507-(487)914-7374,kreadea@independent.co.uk,Panama,1679 Barnett Terrace
12,Abagael,Ewols,502-(150)871-7391,aewolsb@arizona.edu,Guatemala,63833 2nd Hill
13,Shina,Farries,506-(382)649-7699,sfarriesc@51.la,Costa Rica,40354 Bashford Place
14,Rosaline,Sapsford,507-(280)118-7205,rsapsfordd@army.mil,Panama,2757 Little Fleur Crossing
15,Anastassia,Montgomery,502-(543)760-8774,amontgomerye@fda.gov,Guatemala,68 Merry Place
16,Veronica,Helks,502-(228)531-2738,vhelksf@senate.gov,Guatemala,7181 Elgar Court
17,Nellie,Lemoir,505-(526)918-4858,nlemoirg@globo.com,Nicaragua,9 Golden Leaf Terrace
18,Parke,Tripcony,506-(274)832-1270,ptripconyh@msu.edu,Costa Rica,9 Loomis Avenue
19,Ethelin,Monard,502-(547)815-6137,emonardi@1und1.de,Guatemala,80464 Clove Way
20,Lorry,Southway,507-(588)713-5683,lsouthwayj@epa.gov,Panama,50 Petterle Point
21,Michael,Kinder,506-(624)399-2445,mkinderk@virginia.edu,Costa Rica,0173 Macpherson Alley
22,Eduardo,Stonman,502-(433)159-6260,estonmanl@usa.gov,Guatemala,662 Doe Crossing Alley
23,Brinn,McPike,507-(805)769-3796,bmcpikem@tripadvisor.com,Panama,09069 Debs Trail
24,Oralla,Belone,502-(249)307-6869,obelonen@salon.com,Guatemala,59 Westend Point
25,Robinetta,Byram,502-(638)104-5706,rbyramo@phoca.cz,Guatemala,3617 Oakridge Park
26,Neile,Kigelman,505-(217)818-3826,nkigelmanp@360.cn,Nicaragua,243 Fallview Way
27,Ferdinand,Edie,506-(726)655-4342,fedieq@who.int,Costa Rica,8 Golden Leaf Crossing
28,Maurine,Easom,502-(819)152-6810,measomr@microsoft.com,Guatemala,10 Summer Ridge Court
29,Townie,Bosanko,505-(125)124-7572,tbosankos@wikipedia.org,Nicaragua,36891 Pierstorff Street
30,Brook,Syncke,502-(671)860-6754,bsyncket@tinypic.com,Guatemala,9217 Gina Point
31,Arabel,Catherick,502-(999)830-2717,acathericku@storify.com,Guatemala,788 Randy Crossing
32,Ernie,Daysh,502-(812)322-1539,edayshv@mediafire.com,Guatemala,9 Dwight Center
33,Dal,Shires,507-(755)448-8751,dshiresw@berkeley.edu,Panama,86390 Melvin Park
34,Pablo,Gazey,502-(924)341-6328,pgazeyx@icio.us,Guatemala,5990 Butternut Alley
35,Jenna,Hendrich,502-(138)892-8878,jhendrichy@cafepress.com,Guatemala,017 Carberry Circle
36,Shena,Spering,506-(412)515-9422,ssperingz@vinaora.com,Costa Rica,17926 Dwight Place
37,Agnola,Cron,506-(441)597-2956,acron10@creativecommons.org,Costa Rica,712 Bultman Point
38,Hermann,Alexsandrowicz,505-(387)210-7682,halexsandrowicz11@unicef.org,Nicaragua,18365 Granby Way
39,Harlene,Jorio,502-(846)177-0977,hjorio12@dion.ne.jp,Guatemala,62088 Luster Park
40,Patsy,Hof,506-(374)948-1181,phof13@whitehouse.gov,Costa Rica,2 Hintze Park
41,Ashil,Canceller,507-(120)510-5656,acanceller14@list-manage.com,Panama,32 Oriole Terrace
42,Rakel,Eglese,507-(908)765-2499,reglese15@moonfruit.com,Panama,75 Crowley Hill
43,Muffin,Hensmans,505-(501)995-4145,mhensmans16@bloglovin.com,Nicaragua,9584 Monterey Parkway
44,Emlyn,Lenard,505-(192)447-3010,elenard17@tmall.com,Nicaragua,525 Graedel Parkway
45,Patricio,Seakin,506-(467)520-3117,pseakin18@php.net,Costa Rica,832 Farmco Point
46,Manda,Hallagan,502-(715)658-8379,mhallagan19@oakley.com,Guatemala,442 Prairie Rose Point
47,Tristam,Hardwich,502-(299)252-2489,thardwich1a@hexun.com,Guatemala,803 Hauk Street
48,Nickie,Arnald,502-(675)727-2749,narnald1b@baidu.com,Guatemala,60 Stang Terrace
49,Diahann,Yon,502-(889)960-2334,dyon1c@joomla.org,Guatemala,08 Main Junction
50,Chrysler,Tosdevin,502-(994)553-3737,ctosdevin1d@dagondesign.com,Guatemala,442 Blackbird Drive
51,Issi,MacAllester,507-(503)673-2949,imacallester1e@surveymonkey.com,Panama,984 Troy Point
52,Brooke,Leveridge,502-(449)765-8313,bleveridge1f@economist.com,Guatemala,32602 Glacier Hill Street
53,Chloris,Saunder,506-(382)563-7682,csaunder1g@senate.gov,Costa Rica,52 Kropf Avenue
54,Olav,O' Quirk,505-(656)221-7834,ooquirk1h@deviantart.com,Nicaragua,3216 Debs Plaza
55,Mathilde,Commuzzo,506-(403)512-6425,mcommuzzo1i@soup.io,Costa Rica,72 Moland Drive
56,Farlee,Davydychev,506-(679)540-7805,fdavydychev1j@lulu.com,Costa Rica,818 Sutherland Lane
57,Daisi,Neasam,502-(168)732-3014,dneasam1k@uol.com.br,Guatemala,183 West Trail
58,Dionis,Le Bosse,502-(831)156-1601,dlebosse1l@nyu.edu,Guatemala,897 Ryan Point
59,Sylvia,Warne,506-(235)798-1916,swarne1m@istockphoto.com,Costa Rica,3190 Jay Court
60,Wylma,Dedman,502-(158)323-8146,wdedman1n@sfgate.com,Guatemala,909 Hoepker Lane
61,Alexandro,Scarth,506-(413)588-6147,ascarth1o@walmart.com,Costa Rica,66631 Blaine Circle
62,Alexandrina,Cuncarr,502-(626)738-6440,acuncarr1p@studiopress.com,Guatemala,5 Sachs Hill
63,Matty,Vallery,506-(203)360-7281,mvallery1q@ucoz.com,Costa Rica,52 Myrtle Avenue
64,Loralie,Philpott,506-(847)544-6970,lphilpott1r@1688.com,Costa Rica,68 Fairview Lane
65,Tabatha,Antonias,505-(876)128-1735,tantonias1s@pagesperso-orange.fr,Nicaragua,07 Anthes Court
66,Wileen,McAlees,502-(306)868-2375,wmcalees1t@ucla.edu,Guatemala,426 Sommers Plaza
67,Lesli,Coomber,505-(929)149-3889,lcoomber1u@cafepress.com,Nicaragua,897 Crownhardt Way
68,Estevan,Jiricka,507-(296)821-7534,ejiricka1v@jigsy.com,Panama,7 Banding Way
69,Laurella,Ridgewell,505-(773)236-7108,lridgewell1w@lulu.com,Nicaragua,16815 Moulton Drive
70,Piper,Toft,507-(103)275-4233,ptoft1x@nyu.edu,Panama,300 Michigan Court
71,Bealle,Porrett,502-(316)280-0519,bporrett1y@bravesites.com,Guatemala,4847 Londonderry Way
72,Andris,Walburn,502-(536)227-2846,awalburn1z@vinaora.com,Guatemala,963 Vermont Parkway
73,Dexter,Lorenzini,505-(441)447-2442,dlorenzini20@ow.ly,Nicaragua,2 Burning Wood Lane
74,Michele,Skipton,502-(478)393-7178,mskipton21@tiny.cc,Guatemala,26 Harper Street
75,Cassaundra,McFade,502-(145)132-7879,cmcfade22@eventbrite.com,Guatemala,8 Sundown Crossing
76,Carlita,Berndsen,502-(117)654-3743,cberndsen23@nbcnews.com,Guatemala,3 Walton Road
77,Jerry,Clerk,505-(354)273-3588,jclerk24@is.gd,Nicaragua,63088 Kedzie Street
78,Hamel,Plumbridge,502-(371)298-5858,hplumbridge25@amazon.co.jp,Guatemala,54919 Mosinee Way
79,Henrietta,Stirland,502-(180)420-8181,hstirland26@prnewswire.com,Guatemala,86 Spohn Crossing
80,Boonie,Collin,502-(686)873-8501,bcollin27@npr.org,Guatemala,68030 Service Avenue
81,Luz,Kitching,505-(610)413-4109,lkitching28@utexas.edu,Nicaragua,5 Mayfield Hill
82,Murdoch,Boyack,507-(497)977-3113,mboyack29@linkedin.com,Panama,4043 Maywood Plaza
83,Sib,Coll,502-(745)995-3919,scoll2a@illinois.edu,Guatemala,3050 Pawling Way
84,Ransell,Shane,507-(729)719-2565,rshane2b@amazon.com,Panama,1651 Orin Place
85,Neel,Chowne,505-(349)760-1376,nchowne2c@un.org,Nicaragua,33029 Farwell Trail
86,Flossy,Kauffman,506-(658)853-6520,fkauffman2d@hp.com,Costa Rica,05834 Karstens Point
87,Lynde,Binne,502-(471)709-1224,lbinne2e@ucsd.edu,Guatemala,25587 American Ash Park
88,Norby,Gwyther,507-(681)233-5189,ngwyther2f@ebay.co.uk,Panama,94486 Center Circle
89,Irvin,Magee,502-(945)132-6764,imagee2g@mediafire.com,Guatemala,9 Stone Corner Terrace
90,Bryn,Newlands,502-(634)932-2978,bnewlands2h@google.cn,Guatemala,0 Almo Way
91,Melisa,Raine,505-(287)519-8244,mraine2i@photobucket.com,Nicaragua,76 Rieder Terrace
92,Davey,Leeburn,502-(666)205-9439,dleeburn2j@163.com,Guatemala,06377 Crest Line Road
93,Jerrine,Hazeup,502-(322)938-6937,jhazeup2k@mac.com,Guatemala,5480 Tennessee Plaza
94,Livvy,Biasini,502-(452)517-9137,lbiasini2l@quantcast.com,Guatemala,45505 Clove Avenue
95,Arri,Dibden,502-(663)455-3113,adibden2m@whitehouse.gov,Guatemala,0 Farragut Pass
96,Dud,Trenbay,506-(303)157-4679,dtrenbay2n@slashdot.org,Costa Rica,94465 Banding Plaza
97,Carmencita,Kiehne,507-(882)971-5441,ckiehne2o@cnbc.com,Panama,08416 Leroy Point
98,Laughton,Lewry,502-(848)729-0649,llewry2p@wiley.com,Guatemala,02 Cambridge Avenue
99,Marc,Tilmouth,506-(159)295-9859,mtilmouth2q@jigsy.com,Costa Rica,49503 Arrowood Lane
100,Olav,Dooman,502-(882)796-3513,odooman2r@discovery.com,Guatemala,70 Longview Park
101,Hermie,Varne,502-(645)804-7134,hvarne2s@ycombinator.com,Guatemala,85514 Talmadge Trail
102,Maurizio,Delacourt,507-(597)213-9995,mdelacourt2t@technorati.com,Panama,5 Calypso Parkway
103,Harlene,Deehan,505-(317)834-4666,hdeehan2u@fema.gov,Nicaragua,78192 Toban Parkway
104,Holden,Nutbrown,507-(267)636-9352,hnutbrown2v@prweb.com,Panama,1 Laurel Road
105,Deonne,Andrieu,502-(516)481-8416,dandrieu2w@wired.com,Guatemala,4007 Pond Place
106,Natalina,Spilsburie,502-(520)579-3309,nspilsburie2x@newyorker.com,Guatemala,0 Rieder Pass
107,Torin,Recke,506-(566)536-1965,trecke2y@cdc.gov,Costa Rica,7136 Hayes Lane
108,Rand,Dyche,502-(360)852-7541,rdyche2z@telegraph.co.uk,Guatemala,549 Barby Circle
109,Darryl,Lewerenz,507-(410)475-4496,dlewerenz30@census.gov,Panama,0 Forest Dale Crossing
110,Albert,Boulger,506-(372)400-4385,aboulger31@flickr.com,Costa Rica,28 Kedzie Street
111,Keith,Lennie,502-(576)420-7109,klennie32@si.edu,Guatemala,39 Ronald Regan Way
112,Pennie,Woodroofe,507-(293)548-6236,pwoodroofe33@cpanel.net,Panama,45 Manufacturers Parkway
113,Sheela,Mollin,507-(803)223-1471,smollin34@friendfeed.com,Panama,26425 Saint Paul Road
114,Almeda,Hanbidge,505-(808)876-0621,ahanbidge35@chron.com,Nicaragua,97690 Petterle Plaza
115,Mathias,McGready,505-(951)503-5639,mmcgready36@360.cn,Nicaragua,62 Blackbird Alley
116,Cathy,Liebrecht,502-(345)517-5607,cliebrecht37@altervista.org,Guatemala,26 Hollow Ridge Point
117,Pattie,Berthouloume,502-(710)856-1142,pberthouloume38@dropbox.com,Guatemala,466 Stuart Trail
118,Janaye,Yurasov,502-(302)535-3016,jyurasov39@over-blog.com,Guatemala,8424 Nevada Park
119,Raynard,Bossel,506-(357)592-6617,rbossel3a@bbc.co.uk,Costa Rica,08674 Elmside Lane
120,Mychal,Yurkiewicz,502-(231)160-6720,myurkiewicz3b@youtu.be,Guatemala,9 Magdeline Hill
121,Caryl,Gasking,502-(584)672-6913,cgasking3c@shop-pro.jp,Guatemala,385 Rutledge Hill
122,Bonni,Willatts,506-(479)910-9471,bwillatts3d@netvibes.com,Costa Rica,423 Old Gate Pass
123,Tildy,MacDowall,502-(615)273-5116,tmacdowall3e@dailymail.co.uk,Guatemala,2 Canary Park
124,Melessa,Cockney,507-(191)496-6562,mcockney3f@istockphoto.com,Panama,3383 Heath Circle
125,Tildie,Lunck,507-(534)447-3168,tlunck3g@plala.or.jp,Panama,45990 Becker Road
126,Griz,Ledekker,507-(581)339-1343,gledekker3h@twitter.com,Panama,900 Artisan Circle
127,Walton,Bifield,507-(460)565-4850,wbifield3i@miitbeian.gov.cn,Panama,65 Dexter Pass
128,Andrey,Adkins,502-(888)378-8457,aadkins3j@paypal.com,Guatemala,88 Roxbury Hill
129,Isacco,Routh,507-(184)366-7885,irouth3k@behance.net,Panama,38 Basil Park
130,Darryl,Janikowski,505-(910)487-5973,djanikowski3l@ted.com,Nicaragua,058 Alpine Crossing
131,Marinna,Sings,506-(387)858-6733,msings3m@simplemachines.org,Costa Rica,6 Burrows Avenue
132,Fanny,Percifull,505-(764)342-5825,fpercifull3n@exblog.jp,Nicaragua,584 Di Loreto Road
133,Fianna,Reynold,502-(194)668-3233,freynold3o@example.com,Guatemala,33 Comanche Circle
134,Fredek,Halahan,502-(139)878-8961,fhalahan3p@163.com,Guatemala,611 Fairview Point
135,Sallyanne,Lillicrap,502-(790)383-9200,slillicrap3q@acquirethisname.com,Guatemala,10698 5th Lane
136,Hamilton,McKennan,506-(733)628-3568,hmckennan3r@scribd.com,Costa Rica,173 Stuart Crossing
137,Gwenora,Gaymar,502-(561)316-4376,ggaymar3s@ted.com,Guatemala,2760 Sunbrook Street
138,Lauren,Alasdair,505-(614)296-3250,lalasdair3t@census.gov,Nicaragua,49678 Tennyson Park
139,Angil,Londer,502-(420)660-3684,alonder3u@cdc.gov,Guatemala,260 Mccormick Road
140,Ange,Vickors,502-(624)866-8111,avickors3v@canalblog.com,Guatemala,1978 Annamark Drive
141,Timoteo,Errol,502-(222)966-9127,terrol3w@over-blog.com,Guatemala,721 Elmside Plaza
142,Hildagard,McCarle,507-(312)701-7809,hmccarle3x@earthlink.net,Panama,1682 Bunker Hill Avenue
143,Deny,Jacobsz,506-(981)141-5065,djacobsz3y@who.int,Costa Rica,681 Becker Place
144,Tommie,Silbersak,505-(358)305-3917,tsilbersak3z@mysql.com,Nicaragua,79 Bultman Alley
145,Jacquelin,Fontelles,505-(835)404-7337,jfontelles40@barnesandnoble.com,Nicaragua,55 Namekagon Street
146,Chandler,Hance,502-(730)720-9861,chance41@wufoo.com,Guatemala,4 Dorton Junction
147,Emelita,Sanper,506-(909)597-4867,esanper42@furl.net,Costa Rica,05 Loomis Center
148,Jilli,Hunday,502-(324)682-1222,jhunday43@github.io,Guatemala,42776 Moose Center
149,Gareth,Braidwood,505-(664)351-3349,gbraidwood44@nbcnews.com,Nicaragua,68 Tony Street
150,Dag,McIlriach,505-(901)119-6927,dmcilriach45@qq.com,Nicaragua,79938 Ramsey Junction
151,Calv,L'oiseau,507-(189)264-6756,cloiseau46@cargocollective.com,Panama,7 Brentwood Court
152,Lory,Kerslake,507-(851)791-3464,lkerslake47@vk.com,Panama,47235 Autumn Leaf Lane
153,Twila,Vasenkov,502-(204)413-8892,tvasenkov48@archive.org,Guatemala,78331 Caliangt Crossing
154,Xavier,Mathonnet,502-(810)560-7562,xmathonnet49@w3.org,Guatemala,99 Brentwood Point
155,Kathye,Broggelli,507-(200)981-5841,kbroggelli4a@scientificamerican.com,Panama,4127 Truax Center
156,Andrea,Peyntue,502-(311)957-4274,apeyntue4b@weibo.com,Guatemala,4225 Kinsman Court
157,Rosaleen,Kleinholz,502-(878)736-7711,rkleinholz4c@skype.com,Guatemala,42859 Upham Court
158,Thaxter,Whoston,502-(130)952-0409,twhoston4d@cam.ac.uk,Guatemala,033 Anhalt Street
159,Agatha,Rohlfs,507-(773)263-5612,arohlfs4e@ucoz.ru,Panama,7 Bayside Court
160,Zach,Bidgod,506-(954)680-5308,zbidgod4f@businessweek.com,Costa Rica,6 6th Drive
161,Stephanie,Stut,502-(307)309-3571,sstut4g@toplist.cz,Guatemala,9032 Walton Way
162,Hatty,Tenniswood,502-(206)480-0473,htenniswood4h@theguardian.com,Guatemala,40 Stoughton Avenue
163,Maurita,Nesbeth,506-(289)685-3404,mnesbeth4i@tamu.edu,Costa Rica,98136 Esch Avenue
164,Bayard,Goddert.sf,502-(696)239-1294,bgoddertsf4j@hud.gov,Guatemala,095 Sachs Court
165,Cazzie,Dearlove,502-(794)975-9415,cdearlove4k@cnet.com,Guatemala,8 Maryland Trail
166,Inez,Ewens,505-(975)907-1000,iewens4l@is.gd,Nicaragua,2 Sloan Drive
167,Alexina,Simpkin,502-(958)100-7162,asimpkin4m@yellowpages.com,Guatemala,8 Dunning Pass
168,Lorine,Smitherman,506-(210)237-0641,lsmitherman4n@microsoft.com,Costa Rica,6945 Nevada Parkway
169,Tatiania,Rollo,506-(791)861-7616,trollo4o@reuters.com,Costa Rica,31 Duke Park
170,Tori,Ebbrell,502-(887)566-5792,tebbrell4p@purevolume.com,Guatemala,0 Kings Alley
171,Gustavus,Schapero,507-(368)386-8842,gschapero4q@odnoklassniki.ru,Panama,09480 Nobel Terrace
172,Elisabet,Maudling,506-(415)575-5122,emaudling4r@cocolog-nifty.com,Costa Rica,14 Becker Street
173,Florian,Paton,505-(525)706-7750,fpaton4s@dagondesign.com,Nicaragua,304 Longview Point
174,Gunter,Molines,502-(622)568-2338,gmolines4t@vistaprint.com,Guatemala,7141 Cody Center
175,Ede,McBrady,507-(626)190-8054,emcbrady4u@issuu.com,Panama,3 Upham Way
176,Rosalind,Sunner,505-(480)751-6667,rsunner4v@theguardian.com,Nicaragua,8 Morning Parkway
177,Inga,Jindacek,506-(968)684-9308,ijindacek4w@ucoz.com,Costa Rica,6 Division Park
178,Kaine,Seely,505-(570)180-8879,kseely4x@shutterfly.com,Nicaragua,081 Dahle Drive
179,Osborn,Abernethy,507-(716)750-7810,oabernethy4y@example.com,Panama,64399 Randy Center
180,Zelma,Bolsover,502-(375)791-7631,zbolsover4z@privacy.gov.au,Guatemala,7 Bunting Circle
181,Libbie,Silkstone,502-(437)396-2191,lsilkstone50@google.co.uk,Guatemala,0723 Heath Junction
182,Gwendolen,Guille,505-(898)549-6993,gguille51@is.gd,Nicaragua,7048 Ohio Avenue
183,Paxton,Pitchford,506-(460)122-1375,ppitchford52@joomla.org,Costa Rica,9645 Leroy Court
184,Ev,Denniss,507-(102)844-8478,edenniss53@biblegateway.com,Panama,821 Welch Alley
185,Jeanne,Odlin,507-(974)625-6652,jodlin54@wsj.com,Panama,5 Scott Terrace
186,Bernette,Bayman,506-(626)239-4224,bbayman55@epa.gov,Costa Rica,28 Fuller Parkway
187,Archie,Shorrock,507-(919)874-1974,ashorrock56@house.gov,Panama,3 Sullivan Street
188,Cheston,Drummer,505-(658)213-6495,cdrummer57@vistaprint.com,Nicaragua,10826 Blackbird Center
189,Rockie,Darter,505-(664)162-4662,rdarter58@imdb.com,Nicaragua,9 Moose Drive
190,Koo,Preshaw,506-(255)395-5335,kpreshaw59@sphinn.com,Costa Rica,761 Lawn Trail
191,Ruddy,Osmint,507-(851)332-9545,rosmint5a@washington.edu,Panama,0 Moulton Street
192,Josias,Tarte,507-(380)866-8145,jtarte5b@archive.org,Panama,81 Del Sol Pass
193,Irwin,Trim,506-(483)273-9780,itrim5c@so-net.ne.jp,Costa Rica,1175 Laurel Road
194,Rheba,Loughton,502-(213)718-3129,rloughton5d@freewebs.com,Guatemala,47239 Superior Circle
195,Kirsten,Tatersale,502-(465)656-3108,ktatersale5e@rambler.ru,Guatemala,24480 School Point
196,Hettie,Hindrich,507-(759)267-0362,hhindrich5f@nyu.edu,Panama,55383 Clove Lane
197,Valdemar,Reavey,506-(824)683-9270,vreavey5g@google.co.uk,Costa Rica,4 Red Cloud Road
198,Adrianne,Linnard,506-(659)264-6266,alinnard5h@netvibes.com,Costa Rica,83 Bellgrove Parkway
199,Morty,Redihough,502-(212)745-8522,mredihough5i@un.org,Guatemala,11 Holmberg Trail
200,Nananne,O'Teague,502-(854)198-1740,noteague5j@mail.ru,Guatemala,70107 Corscot Park
201,Cecil,Sweett,505-(502)572-9130,csweett5k@whitehouse.gov,Nicaragua,94 Beilfuss Road
202,Nicholas,Schwant,506-(771)647-3025,nschwant5l@usnews.com,Costa Rica,1 Gulseth Terrace
203,Annice,Catlin,507-(996)499-7272,acatlin5m@si.edu,Panama,1315 Acker Way
204,Flss,Kleynen,507-(257)755-6541,fkleynen5n@4shared.com,Panama,36313 Mandrake Pass
205,Veronika,Kenefick,502-(569)712-7157,vkenefick5o@instagram.com,Guatemala,475 Randy Parkway
206,Odele,Kersey,506-(639)269-7267,okersey5p@feedburner.com,Costa Rica,66867 Bartelt Park
207,Duke,Davitt,502-(652)200-7041,ddavitt5q@skyrock.com,Guatemala,8 Shasta Court
208,Harwell,Crosham,505-(546)459-0730,hcrosham5r@infoseek.co.jp,Nicaragua,813 Maryland Place
209,Nelson,Towne,507-(644)161-6374,ntowne5s@dion.ne.jp,Panama,08897 Walton Way
210,Ariadne,Trow,507-(771)949-3474,atrow5t@biglobe.ne.jp,Panama,331 Havey Hill
211,Cassondra,Birkenshaw,505-(228)224-1881,cbirkenshaw5u@sogou.com,Nicaragua,8528 Grasskamp Court
212,Joan,MacCafferky,505-(687)882-4900,jmaccafferky5v@umn.edu,Nicaragua,5066 Pepper Wood Alley
213,Lucy,Creboe,502-(502)616-8656,lcreboe5w@flickr.com,Guatemala,8 Claremont Street
214,Jewelle,Dilkes,506-(456)127-2638,jdilkes5x@skyrock.com,Costa Rica,33 Claremont Junction
215,Burnaby,Petriello,502-(236)714-5367,bpetriello5y@thetimes.co.uk,Guatemala,7027 Moose Crossing
216,Bern,Banks,502-(868)708-5810,bbanks5z@nyu.edu,Guatemala,141 Buhler Hill
217,Taylor,Beartup,502-(161)952-0273,tbeartup60@weibo.com,Guatemala,010 Corben Crossing
218,Vivi,Balas,502-(100)777-1494,vbalas61@fastcompany.com,Guatemala,1 Hauk Drive
219,Gordy,Beston,505-(745)236-8923,gbeston62@cbsnews.com,Nicaragua,854 Debra Terrace
220,Virgina,Edmott,505-(433)765-1801,vedmott63@merriam-webster.com,Nicaragua,9887 Schiller Lane
221,Rubina,MacGruer,506-(713)592-5235,rmacgruer64@woothemes.com,Costa Rica,5462 Ludington Court
222,Evvie,Lonsbrough,502-(435)780-1772,elonsbrough65@moonfruit.com,Guatemala,505 Londonderry Point
223,Staci,Clemenceau,507-(773)159-6828,sclemenceau66@state.tx.us,Panama,08 Weeping Birch Center
224,Charlotte,Fenkel,502-(989)317-7814,cfenkel67@example.com,Guatemala,8 Pankratz Street
225,Roseanne,Philbin,507-(565)847-0097,rphilbin68@csmonitor.com,Panama,59 Loeprich Way
226,Saraann,Haensel,507-(193)909-3490,shaensel69@ezinearticles.com,Panama,111 6th Crossing
227,Arturo,Champneys,506-(957)505-4578,achampneys6a@dailymotion.com,Costa Rica,3368 Morningstar Plaza
228,Ancell,Tal,507-(912)828-9864,atal6b@cpanel.net,Panama,7 Menomonie Crossing
229,Esdras,Watterson,502-(997)121-2901,ewatterson6c@comsenz.com,Guatemala,60 Towne Place
230,Chrissy,Grigorushkin,502-(946)325-6462,cgrigorushkin6d@nbcnews.com,Guatemala,6 Independence Hill
231,Lisbeth,Smeuin,502-(126)847-6585,lsmeuin6e@miitbeian.gov.cn,Guatemala,89587 Morning Avenue
232,Emlen,Dupey,502-(893)639-4741,edupey6f@sina.com.cn,Guatemala,8 Hollow Ridge Avenue
233,Harris,Orbine,506-(833)979-0785,horbine6g@hibu.com,Costa Rica,72 Pine View Crossing
234,Glen,Sunners,506-(135)315-0955,gsunners6h@ebay.com,Costa Rica,77803 Spenser Road
235,Kurt,Brower,505-(557)184-8816,kbrower6i@blogs.com,Nicaragua,16464 Kinsman Lane
236,Mitchell,Medlicott,505-(652)294-1981,mmedlicott6j@elegantthemes.com,Nicaragua,077 Starling Lane
237,Andriette,Whitebread,502-(869)518-3369,awhitebread6k@prnewswire.com,Guatemala,359 Michigan Hill
238,Zackariah,Kenewel,502-(932)686-9371,zkenewel6l@freewebs.com,Guatemala,33827 Eagle Crest Place
239,Shay,Teideman,502-(401)221-1548,steideman6m@ezinearticles.com,Guatemala,68 Shopko Point
240,Cathie,Lethardy,502-(413)756-9204,clethardy6n@rediff.com,Guatemala,676 Swallow Point
241,Jens,Jarad,507-(732)371-3538,jjarad6o@networkadvertising.org,Panama,049 Waubesa Avenue
242,Lambert,Arkwright,507-(826)707-2666,larkwright6p@goodreads.com,Panama,8 Golf Street
243,Bert,Quarterman,505-(126)209-6637,bquarterman6q@plala.or.jp,Nicaragua,05 Bayside Pass
244,Margit,Francomb,507-(571)623-2587,mfrancomb6r@myspace.com,Panama,2127 Eastwood Center
245,Eldin,Connold,506-(372)951-8730,econnold6s@4shared.com,Costa Rica,91 Vermont Drive
246,Gabey,Cancelier,502-(261)910-9631,gcancelier6t@prweb.com,Guatemala,76 Caliangt Center
247,Nichols,Place,505-(479)336-7965,nplace6u@yahoo.com,Nicaragua,7644 Scoville Street
248,Inna,Bahde,502-(879)265-2604,ibahde6v@i2i.jp,Guatemala,318 Nelson Hill
249,Miranda,Bister,506-(179)294-4773,mbister6w@cnn.com,Costa Rica,2649 Corry Drive
250,Joe,World,506-(892)451-1326,jworld6x@nymag.com,Costa Rica,21051 Birchwood Lane
251,Ariela,Storre,502-(932)472-2217,astorre6y@rambler.ru,Guatemala,3 Weeping Birch Center
252,Viviana,Edmons,506-(889)179-6787,vedmons6z@google.fr,Costa Rica,5 Clemons Avenue
253,Emilio,Nisard,506-(381)765-2485,enisard70@businessweek.com,Costa Rica,2 Artisan Pass
254,Whitby,Hoyt,506-(143)100-2514,whoyt71@123-reg.co.uk,Costa Rica,78683 Parkside Terrace
255,Aggi,Ambrogio,507-(961)900-1058,aambrogio72@jigsy.com,Panama,32 Becker Point
256,Ulrich,Farey,506-(354)292-9115,ufarey73@wikimedia.org,Costa Rica,3 Hoffman Hill
257,Amie,Vakhlov,505-(138)511-1649,avakhlov74@boston.com,Nicaragua,22393 Clyde Gallagher Place
258,Evangelia,Panchin,502-(742)301-7733,epanchin75@icq.com,Guatemala,022 Stang Place
259,Ruthy,Gaskal,502-(987)482-9963,rgaskal76@mozilla.org,Guatemala,20 Drewry Drive
260,Romola,Jandera,502-(119)130-8587,rjandera77@va.gov,Guatemala,84872 Algoma Drive
261,Alfy,Jacobssen,506-(154)666-9398,ajacobssen78@lycos.com,Costa Rica,1943 Norway Maple Alley
262,Paule,Peoples,505-(798)689-6558,ppeoples79@globo.com,Nicaragua,6 Summerview Parkway
263,Norina,Topham,506-(238)201-6956,ntopham7a@blogger.com,Costa Rica,201 Moulton Alley
264,Thadeus,Dysert,502-(572)315-6256,tdysert7b@biglobe.ne.jp,Guatemala,672 Walton Street
265,Roxie,Kleszinski,502-(267)945-6696,rkleszinski7c@bravesites.com,Guatemala,5887 Northland Lane
266,Barry,Benzie,507-(659)176-0862,bbenzie7d@biblegateway.com,Panama,767 Schmedeman Plaza
267,Brock,Chazotte,507-(420)846-8410,bchazotte7e@upenn.edu,Panama,450 Northridge Hill
268,Demetra,Zoren,502-(248)311-4698,dzoren7f@nationalgeographic.com,Guatemala,9 Ridge Oak Place
269,Lombard,Gerty,506-(193)124-0231,lgerty7g@plala.or.jp,Costa Rica,531 Kinsman Terrace
270,Jonas,Cornell,507-(416)176-1792,jcornell7h@creativecommons.org,Panama,56717 Buell Road
271,Diana,Siggers,502-(469)147-6577,dsiggers7i@elegantthemes.com,Guatemala,34280 Southridge Point
272,Scot,Kennet,502-(375)617-8092,skennet7j@nps.gov,Guatemala,3 Dunning Point
273,Mike,Goudie,506-(346)217-3790,mgoudie7k@amazon.com,Costa Rica,182 Colorado Avenue
274,Leopold,Pinkie,505-(386)864-8860,lpinkie7l@elegantthemes.com,Nicaragua,31572 Morning Crossing
275,Alvira,Fallawe,506-(873)749-2195,afallawe7m@csmonitor.com,Costa Rica,22 Becker Hill
276,Derk,Annakin,507-(838)497-5706,dannakin7n@sitemeter.com,Panama,14 Petterle Place
277,Hermon,Sloley,505-(458)613-7256,hsloley7o@cbslocal.com,Nicaragua,2859 Moose Parkway
278,Ade,Radmore,505-(784)565-3098,aradmore7p@cyberchimps.com,Nicaragua,0 Fuller Point
279,Edvard,Faulds,506-(275)139-1023,efaulds7q@cdc.gov,Costa Rica,4 Karstens Street
280,Cassandry,Bellon,506-(571)902-7266,cbellon7r@blogspot.com,Costa Rica,9745 Kropf Parkway
281,Torre,Shapiro,507-(300)914-7657,tshapiro7s@soundcloud.com,Panama,07085 Porter Center
282,Eddy,Bayliss,507-(935)530-7945,ebayliss7t@comsenz.com,Panama,0 Steensland Parkway
283,Willa,Nayshe,505-(368)616-9817,wnayshe7u@independent.co.uk,Nicaragua,80 Cottonwood Way
284,Gabrielle,Kestle,507-(583)397-6575,gkestle7v@tripadvisor.com,Panama,92 Dwight Lane
285,Teriann,Licas,506-(999)649-3454,tlicas7w@nymag.com,Costa Rica,8177 Longview Street
286,Kaylyn,Moger,505-(460)442-4937,kmoger7x@google.fr,Nicaragua,4152 Crescent Oaks Center
287,Kalvin,Donke,506-(576)103-3950,kdonke7y@eventbrite.com,Costa Rica,81 Namekagon Crossing
288,Vivien,Browse,506-(394)392-7159,vbrowse7z@admin.ch,Costa Rica,9 Toban Plaza
289,Brandy,Heaphy,502-(258)403-9842,bheaphy80@apache.org,Guatemala,580 Twin Pines Park
290,Celie,Jovey,502-(171)585-7947,cjovey81@xing.com,Guatemala,067 Springs Court
291,Silvester,Mehew,505-(653)360-9910,smehew82@squarespace.com,Nicaragua,4915 Westport Way
292,Aleen,Bebis,505-(694)392-4903,abebis83@feedburner.com,Nicaragua,62794 Atwood Parkway
293,Tybalt,Allchin,506-(885)872-6048,tallchin84@soundcloud.com,Costa Rica,1 Onsgard Terrace
294,Charis,Mellers,507-(849)442-0318,cmellers85@ibm.com,Panama,3 Schlimgen Circle
295,Noell,Pegrum,506-(792)793-8913,npegrum86@phpbb.com,Costa Rica,0528 Canary Point
296,Chico,Kliesl,502-(247)162-7753,ckliesl87@stanford.edu,Guatemala,23 Briar Crest Circle
297,Jacquenette,Pistol,505-(108)780-3073,jpistol88@cbc.ca,Nicaragua,574 Hayes Alley
298,Barnabas,Kubasiewicz,502-(451)536-2595,bkubasiewicz89@nbcnews.com,Guatemala,4342 Sheridan Trail
299,Johnathon,Bris,502-(171)781-7539,jbris8a@163.com,Guatemala,7 Kensington Street
300,Diannne,Devlin,502-(921)652-4682,ddevlin8b@instagram.com,Guatemala,4 Butternut Center
301,Lavinie,Haime,507-(466)948-3164,lhaime8c@lycos.com,Panama,3446 Village Green Terrace
302,Retha,Maleby,506-(410)513-5040,rmaleby8d@ucoz.com,Costa Rica,2001 Elka Point
303,Roley,Coad,507-(630)591-9981,rcoad8e@earthlink.net,Panama,252 Vera Way
304,Wildon,Driver,505-(289)798-5396,wdriver8f@fema.gov,Nicaragua,78073 Rieder Pass
305,Isidro,Atchly,506-(990)143-7341,iatchly8g@go.com,Costa Rica,6869 Anhalt Center
306,Benjamen,Yosevitz,502-(241)252-5946,byosevitz8h@pbs.org,Guatemala,6870 Holmberg Plaza
307,Lilli,Guillon,507-(676)426-2399,lguillon8i@constantcontact.com,Panama,76 Mayfield Alley
308,Valdemar,Dinnage,506-(628)566-9471,vdinnage8j@about.me,Costa Rica,593 Spohn Avenue
309,Katuscha,Hayller,502-(378)806-6911,khayller8k@altervista.org,Guatemala,2476 Nevada Center
310,Rosie,Layton,502-(629)393-9687,rlayton8l@parallels.com,Guatemala,19147 Express Plaza
311,Claudie,Tidd,502-(910)144-3949,ctidd8m@businessweek.com,Guatemala,78 Muir Parkway
312,Mirella,Duff,502-(459)634-2395,mduff8n@godaddy.com,Guatemala,1105 Pawling Circle
313,Jaclyn,Hirjak,505-(895)115-9127,jhirjak8o@seesaa.net,Nicaragua,41623 Lien Plaza
314,Niki,Sowthcote,507-(210)656-1495,nsowthcote8p@alibaba.com,Panama,52587 Barby Lane
315,Raimundo,Malafe,506-(827)143-7270,rmalafe8q@lycos.com,Costa Rica,0 Farmco Pass
316,Hilliary,De Cristoforo,507-(534)995-8186,hdecristoforo8r@networksolutions.com,Panama,9431 Gale Junction
317,Candie,Shorbrook,505-(597)744-3971,cshorbrook8s@weather.com,Nicaragua,5061 Cambridge Street
318,Courtenay,Bunch,502-(718)436-7268,cbunch8t@ask.com,Guatemala,047 Kensington Center
319,Janette,Rowbotham,506-(568)862-9770,jrowbotham8u@hugedomains.com,Costa Rica,643 Paget Center
320,Chev,Hynd,507-(182)315-5904,chynd8v@tamu.edu,Panama,771 Menomonie Hill
321,Veronique,Pudney,506-(378)944-7824,vpudney8w@who.int,Costa Rica,68700 South Center
322,Valaria,Putt,502-(185)857-3837,vputt8x@noaa.gov,Guatemala,5 Hauk Drive
323,Jeffie,Aickin,507-(809)793-6086,jaickin8y@yellowbook.com,Panama,0 Maple Lane
324,Iorgos,Rossetti,505-(500)109-4203,irossetti8z@paypal.com,Nicaragua,2600 Golf Court
325,Anthiathia,Blanpein,502-(748)493-8009,ablanpein90@feedburner.com,Guatemala,963 Acker Crossing
326,Verney,Tavener,507-(426)281-3352,vtavener91@i2i.jp,Panama,69 Chinook Trail
327,Donnajean,Bonicelli,507-(978)290-2064,dbonicelli92@howstuffworks.com,Panama,4 Butterfield Place
328,Don,Blankau,507-(336)957-6672,dblankau93@hatena.ne.jp,Panama,4 Lerdahl Lane
329,Torrence,Doughty,502-(444)757-6199,tdoughty94@networksolutions.com,Guatemala,5 Elmside Crossing
330,Salome,Carter,505-(165)780-2140,scarter95@discuz.net,Nicaragua,9 Hintze Terrace
331,Nehemiah,Bagg,506-(265)595-8721,nbagg96@nyu.edu,Costa Rica,2453 Oneill Parkway
332,Timothea,Smales,502-(970)995-0980,tsmales97@myspace.com,Guatemala,33388 Dunning Avenue
333,Ward,Flavelle,502-(531)341-3970,wflavelle98@mac.com,Guatemala,0 Coolidge Way
334,Sashenka,Bowdon,505-(484)416-2018,sbowdon99@wix.com,Nicaragua,7 Di Loreto Alley
335,Thalia,Minker,507-(251)411-4242,tminker9a@dailymotion.com,Panama,22851 Goodland Drive
336,Hilary,Hayworth,506-(743)481-1574,hhayworth9b@jiathis.com,Costa Rica,51279 Barby Way
337,Phelia,Baker,506-(149)508-1864,pbaker9c@yale.edu,Costa Rica,676 Jay Road
338,Madalena,Alesin,506-(844)840-1255,malesin9d@hubpages.com,Costa Rica,6274 Fordem Pass
339,Joye,Tildesley,502-(995)759-2684,jtildesley9e@twitpic.com,Guatemala,17 Paget Junction
340,Timmie,Barthot,502-(167)375-0471,tbarthot9f@ihg.com,Guatemala,216 Bayside Circle
341,Almira,Medmore,502-(444)970-2514,amedmore9g@nytimes.com,Guatemala,732 Killdeer Avenue
342,Rodrick,Athy,505-(222)481-3892,rathy9h@spiegel.de,Nicaragua,3771 Kipling Hill
343,Vail,Merryweather,502-(163)841-2933,vmerryweather9i@webmd.com,Guatemala,8624 Jenifer Road
344,Ward,Gaddie,507-(730)952-2064,wgaddie9j@newyorker.com,Panama,5 Brentwood Place
345,Cecilia,Copestake,506-(358)721-2077,ccopestake9k@netlog.com,Costa Rica,7467 Merrick Lane
346,Ignace,Rengger,505-(731)769-8412,irengger9l@fotki.com,Nicaragua,9298 Heffernan Avenue
347,Fernandina,Toyne,502-(447)471-1655,ftoyne9m@ibm.com,Guatemala,35 Michigan Alley
348,Cleavland,Farlham,506-(625)434-0225,cfarlham9n@scribd.com,Costa Rica,410 Jackson Court
349,Annabelle,Castellone,506-(971)713-8703,acastellone9o@twitpic.com,Costa Rica,37 Artisan Circle
350,Aggie,Scarfe,507-(793)651-5309,ascarfe9p@bloglines.com,Panama,9 Charing Cross Alley
351,Aurora,Morrison,506-(236)143-0141,amorrison9q@g.co,Costa Rica,154 Manley Parkway
352,Verina,Berrecloth,502-(417)376-2162,vberrecloth9r@chronoengine.com,Guatemala,4685 Charing Cross Court
353,Corny,Goretti,506-(950)920-1341,cgoretti9s@sina.com.cn,Costa Rica,23419 Bartelt Point
354,Valery,Cook,506-(633)493-0447,vcook9t@paypal.com,Costa Rica,4 Ridgeview Road
355,Eloisa,Gammet,505-(276)241-1875,egammet9u@ameblo.jp,Nicaragua,84 Dawn Place
356,Fielding,Mettricke,502-(627)491-0681,fmettricke9v@technorati.com,Guatemala,115 Lotheville Point
357,Harlene,Upston,505-(617)212-0162,hupston9w@cafepress.com,Nicaragua,0492 Shopko Drive
358,Jessy,McQuaker,502-(631)276-4674,jmcquaker9x@census.gov,Guatemala,7 Corry Crossing
359,Cody,Milbourn,502-(318)925-5856,cmilbourn9y@studiopress.com,Guatemala,16549 Ridge Oak Point
360,Cordi,Fiorentino,505-(826)251-2696,cfiorentino9z@oracle.com,Nicaragua,7925 Loeprich Road
361,Kennith,Bleue,507-(972)774-9948,kbleuea0@wp.com,Panama,5076 Monterey Crossing
362,Aguie,Cator,507-(622)702-3417,acatora1@boston.com,Panama,6170 Green Park
363,Jenilee,Weitzel,507-(913)504-5399,jweitzela2@virginia.edu,Panama,3 Bayside Way
364,Kimberli,Ecclesall,506-(180)563-8199,kecclesalla3@blogger.com,Costa Rica,4 4th Plaza
365,Cyb,McIntosh,505-(837)290-2630,cmcintosha4@blogger.com,Nicaragua,74 Merry Terrace
366,Caty,"Garbutt,",507-(869)268-6228,cgarbutta5@nih.gov,Panama,9 Cordelia Parkway
367,Stacia,Philbrick,502-(503)578-4649,sphilbricka6@youku.com,Guatemala,78072 Birchwood Park
368,Waldon,Spain-Gower,507-(177)216-5555,wspaingowera7@netlog.com,Panama,6 Thompson Terrace
369,Nicola,Piddington,502-(673)245-5492,npiddingtona8@friendfeed.com,Guatemala,15 Lyons Park
370,Sonnnie,Henstridge,507-(627)432-4666,shenstridgea9@google.com.au,Panama,107 East Pass
371,Edmund,Bilt,502-(891)380-6735,ebiltaa@mtv.com,Guatemala,520 Hanson Avenue
372,Hermann,Cuppleditch,506-(179)651-2798,hcuppleditchab@mapy.cz,Costa Rica,64117 Miller Way
373,Staci,Castelletti,505-(843)881-0554,scastellettiac@vinaora.com,Nicaragua,44611 Clemons Court
374,Kassi,Softley,502-(300)448-2113,ksoftleyad@example.com,Guatemala,35847 Quincy Plaza
375,Lin,Bails,502-(863)403-5618,lbailsae@npr.org,Guatemala,06924 Anniversary Trail
376,Maurits,Tawn,506-(222)402-6741,mtawnaf@digg.com,Costa Rica,415 Truax Lane
377,Mozelle,Crompton,506-(158)904-6279,mcromptonag@cnn.com,Costa Rica,07 Shelley Court
378,Leland,Schoales,507-(701)127-7403,lschoalesah@ow.ly,Panama,581 Bartillon Circle
379,Dukey,Old,502-(549)620-8303,doldai@photobucket.com,Guatemala,7 Magdeline Road
380,Scot,Bolderson,505-(237)170-6384,sboldersonaj@networksolutions.com,Nicaragua,67532 Melby Plaza
381,Kimberley,Cranfield,507-(539)553-9065,kcranfieldak@biglobe.ne.jp,Panama,7686 Ryan Point
382,Essie,Thoumas,502-(390)888-3427,ethoumasal@vimeo.com,Guatemala,97455 Gateway Circle
383,Kirsten,Brigshaw,505-(760)739-7784,kbrigshawam@opera.com,Nicaragua,7 Carey Street
384,Gillie,Simeoni,502-(877)581-9805,gsimeonian@howstuffworks.com,Guatemala,84267 Union Road
385,Thatch,De Leek,502-(508)738-0704,tdeleekao@adobe.com,Guatemala,75081 Forest Run Avenue
386,Kettie,Metts,506-(730)571-1228,kmettsap@ameblo.jp,Costa Rica,94471 Sunfield Lane
387,Eleonore,Hynson,505-(839)513-8870,ehynsonaq@archive.org,Nicaragua,4 Drewry Drive
388,Rodney,Alger,507-(661)246-6283,ralgerar@t.co,Panama,95633 Petterle Junction
389,Malva,Sleford,506-(469)461-8004,mslefordas@hatena.ne.jp,Costa Rica,71 Bultman Parkway
390,Leoine,Rene,507-(986)752-1254,lreneat@yolasite.com,Panama,1 Commercial Point
391,Orran,Baxstar,507-(958)101-5942,obaxstarau@tripadvisor.com,Panama,13 Harper Terrace
392,Hattie,Philcox,505-(209)765-3199,hphilcoxav@nyu.edu,Nicaragua,2 Manitowish Junction
393,Iosep,Tewnion,502-(668)377-3852,itewnionaw@pcworld.com,Guatemala,5 Bobwhite Pass
394,Cody,McJury,502-(662)426-6267,cmcjuryax@china.com.cn,Guatemala,8311 Almo Road
395,North,Lindsay,502-(679)314-9536,nlindsayay@dion.ne.jp,Guatemala,70 Delaware Center
396,Demetris,Du Plantier,507-(779)698-6050,dduplantieraz@bravesites.com,Panama,646 Kim Trail
397,Nerita,Filov,507-(540)436-6013,nfilovb0@smugmug.com,Panama,949 Columbus Pass
398,Gilburt,Lawler,502-(777)479-1504,glawlerb1@bloglines.com,Guatemala,960 Leroy Road
399,Reggie,Toye,502-(977)596-1635,rtoyeb2@accuweather.com,Guatemala,36481 Forest Pass
400,Mari,Kobisch,507-(274)226-2086,mkobischb3@state.gov,Panama,1999 Rieder Center
401,Candi,Prayer,502-(263)954-4554,cprayerb4@state.gov,Guatemala,44 Kensington Road
402,Donal,Josef,502-(253)838-8283,djosefb5@behance.net,Guatemala,248 Crescent Oaks Lane
403,Lennard,Gwynn,507-(874)143-6538,lgwynnb6@go.com,Panama,77126 Saint Paul Place
404,Bobbi,Muirden,507-(364)207-0202,bmuirdenb7@myspace.com,Panama,75234 Maple Street
405,Carmel,Fritchly,502-(344)226-2544,cfritchlyb8@ox.ac.uk,Guatemala,297 Lake View Terrace
406,Ora,Cable,502-(233)454-9282,ocableb9@t-online.de,Guatemala,01797 Blue Bill Park Road
407,Corly,Griswaite,502-(709)450-6087,cgriswaiteba@e-recht24.de,Guatemala,4616 Continental Plaza
408,Parrnell,Pauly,507-(116)629-9452,ppaulybb@plala.or.jp,Panama,89676 Shelley Center
409,Nate,Amdohr,505-(845)927-3427,namdohrbc@smh.com.au,Nicaragua,21 Heath Point
410,Chiquia,Cairney,502-(616)481-0335,ccairneybd@com.com,Guatemala,1428 Waxwing Junction
411,Chrissy,Millthorpe,507-(852)360-6807,cmillthorpebe@geocities.com,Panama,60718 Elgar Place
412,Bank,Jenken,507-(706)551-3676,bjenkenbf@tiny.cc,Panama,8 Vermont Street
413,Rubin,Portt,505-(533)456-1122,rporttbg@oaic.gov.au,Nicaragua,76411 Menomonie Court
414,Efrem,Yokley,502-(476)107-1618,eyokleybh@usgs.gov,Guatemala,6 Old Gate Parkway
415,Nevil,Zuenelli,505-(901)139-8937,nzuenellibi@friendfeed.com,Nicaragua,4394 Becker Crossing
416,Ethe,Preddy,506-(667)370-2523,epreddybj@issuu.com,Costa Rica,696 Truax Crossing
417,Cash,Prandy,505-(662)615-4783,cprandybk@google.com,Nicaragua,9623 Holy Cross Road
418,Larissa,De Lasci,505-(277)706-7555,ldelascibl@stanford.edu,Nicaragua,511 Northridge Drive
419,Ezra,Meadley,506-(969)944-7896,emeadleybm@google.com,Costa Rica,847 Logan Lane
420,Reamonn,Peart,507-(437)878-9263,rpeartbn@creativecommons.org,Panama,1 Mifflin Circle
421,Ursala,Miskin,507-(119)829-7548,umiskinbo@canalblog.com,Panama,3342 Cherokee Place
422,Noam,Saiz,507-(567)695-0266,nsaizbp@prlog.org,Panama,56 Susan Plaza
423,Quinlan,Moulder,506-(934)742-8077,qmoulderbq@plala.or.jp,Costa Rica,635 Maple Parkway
424,Godfree,Draysey,502-(121)436-7313,gdrayseybr@networksolutions.com,Guatemala,97 Corben Terrace
425,Lorraine,Romero,506-(470)754-1214,lromerobs@fema.gov,Costa Rica,39 Buhler Place
426,Tracey,Brandon,506-(628)638-5523,tbrandonbt@pcworld.com,Costa Rica,37314 Division Street
427,Pete,Ham,502-(401)614-6058,phambu@wikia.com,Guatemala,73349 Novick Junction
428,Vivianne,Sargant,505-(704)979-2330,vsargantbv@webeden.co.uk,Nicaragua,940 Blue Bill Park Street
429,Woody,Lebrun,506-(607)985-6713,wlebrunbw@jimdo.com,Costa Rica,8336 Shopko Center
430,Belva,Blatcher,502-(807)790-4636,bblatcherbx@bigcartel.com,Guatemala,007 Swallow Place
431,Blondelle,McCreary,507-(519)379-8128,bmccrearyby@zdnet.com,Panama,4247 Algoma Pass
432,Coraline,Guiu,502-(188)412-4985,cguiubz@marriott.com,Guatemala,60 Del Mar Road
433,Neall,Mitrovic,507-(279)430-7959,nmitrovicc0@wsj.com,Panama,3265 Village Green Alley
434,Larisa,Cummings,507-(703)658-8709,lcummingsc1@thetimes.co.uk,Panama,8 Artisan Court
435,Ingra,Musgrove,502-(813)135-6751,imusgrovec2@guardian.co.uk,Guatemala,5305 Melvin Place
436,Glen,Potter,506-(900)561-7671,gpotterc3@theglobeandmail.com,Costa Rica,93350 Duke Place
437,Kaia,Dumelow,506-(711)683-7992,kdumelowc4@house.gov,Costa Rica,15725 Arkansas Circle
438,Rachel,Ovitz,502-(471)185-5441,rovitzc5@unesco.org,Guatemala,3 Bay Place
439,Colby,Pawelczyk,506-(140)547-6769,cpawelczykc6@bbb.org,Costa Rica,277 Heath Center
440,Mercy,Bridgman,506-(628)251-8987,mbridgmanc7@cmu.edu,Costa Rica,0577 Annamark Avenue
441,Anet,Leguay,502-(286)538-6860,aleguayc8@wikimedia.org,Guatemala,4 Morning Way
442,Kimble,Rosengart,502-(619)473-0776,krosengartc9@drupal.org,Guatemala,09 Grasskamp Lane
443,Gregory,Marshalleck,502-(350)746-5661,gmarshalleckca@microsoft.com,Guatemala,863 Butternut Circle
444,Arel,Cestard,502-(235)985-3340,acestardcb@dagondesign.com,Guatemala,10 Eastlawn Lane
445,Jessamine,McLeary,507-(114)800-4387,jmclearycc@google.es,Panama,4718 Crest Line Parkway
446,Timmie,Okie,505-(122)204-3675,tokiecd@prweb.com,Nicaragua,21701 Algoma Hill
447,Dalston,Obispo,505-(742)303-4753,dobispoce@bing.com,Nicaragua,8 Oxford Center
448,Ermin,Gloucester,505-(580)786-2768,egloucestercf@walmart.com,Nicaragua,07822 Hansons Center
449,Kippie,Snoxall,502-(354)702-1478,ksnoxallcg@google.com,Guatemala,5 Huxley Alley
450,Antoinette,Bethune,506-(830)196-9176,abethunech@51.la,Costa Rica,4 Emmet Drive
451,Molli,Pozzo,506-(203)842-7982,mpozzoci@ocn.ne.jp,Costa Rica,22961 Randy Park
452,Rasla,Perett,502-(918)161-5333,rperettcj@tmall.com,Guatemala,4 Vahlen Alley
453,Manolo,Broadstock,502-(129)313-8999,mbroadstockck@latimes.com,Guatemala,3 4th Place
454,Allyson,Pole,507-(246)786-3448,apolecl@goo.ne.jp,Panama,400 Nelson Avenue
455,Elisa,Marieton,506-(318)488-1137,emarietoncm@japanpost.jp,Costa Rica,6005 Farragut Center
456,Madonna,Syrad,502-(375)298-7957,msyradcn@nymag.com,Guatemala,17140 Dapin Hill
457,Udale,Boule,507-(204)347-7071,ubouleco@wunderground.com,Panama,4815 Reinke Drive
458,Clovis,Davenport,502-(362)268-5970,cdavenportcp@hibu.com,Guatemala,58 Pleasure Park
459,Kelley,Gobat,505-(851)652-2281,kgobatcq@ucsd.edu,Nicaragua,6258 Walton Place
460,Raphaela,Hugnot,507-(614)493-8653,rhugnotcr@nyu.edu,Panama,1 Warrior Pass
461,Langston,Trassler,502-(212)897-9983,ltrasslercs@europa.eu,Guatemala,5 Sommers Court
462,Hansiain,Rosendahl,507-(138)221-4546,hrosendahlct@domainmarket.com,Panama,0088 Carey Junction
463,Breanne,Ioselevich,506-(706)243-6880,bioselevichcu@list-manage.com,Costa Rica,3 Spohn Court
464,Anna,Cattellion,507-(790)572-7676,acattellioncv@fastcompany.com,Panama,15 Pepper Wood Circle
465,Thorsten,Iori,507-(663)523-4682,tioricw@ehow.com,Panama,13 Amoth Plaza
466,Rosalia,Laba,502-(431)148-4914,rlabacx@scientificamerican.com,Guatemala,717 Elmside Plaza
467,Rodrick,Goodrum,502-(749)505-1367,rgoodrumcy@fastcompany.com,Guatemala,96 Waxwing Avenue
468,Silvester,Brundrett,502-(937)336-2974,sbrundrettcz@ed.gov,Guatemala,0 Parkside Park
469,Keriann,Victory,506-(650)823-3093,kvictoryd0@google.de,Costa Rica,00 Porter Alley
470,Mercedes,Grieger,507-(687)451-5063,mgriegerd1@usgs.gov,Panama,9501 Muir Parkway
471,Moe,Doy,502-(472)544-0425,mdoyd2@buzzfeed.com,Guatemala,5 Esch Center
472,Garek,Baptista,502-(698)782-3815,gbaptistad3@bandcamp.com,Guatemala,9 Bayside Park
473,Lilas,Gorelli,506-(982)101-0547,lgorellid4@engadget.com,Costa Rica,2 Crownhardt Park
474,Doreen,Jamrowicz,505-(645)261-6783,djamrowiczd5@kickstarter.com,Nicaragua,31686 High Crossing Plaza
475,Garreth,Troubridge,506-(474)938-1512,gtroubridged6@wordpress.com,Costa Rica,0 Norway Maple Lane
476,Davie,Marcum,502-(584)554-5371,dmarcumd7@about.com,Guatemala,85 Portage Center
477,Marcela,Yakobovicz,502-(833)307-4606,myakoboviczd8@miibeian.gov.cn,Guatemala,5580 Upham Parkway
478,Humberto,Dowsey,505-(775)988-0911,hdowseyd9@a8.net,Nicaragua,794 Gateway Terrace
479,Frasier,MacRitchie,505-(113)762-9190,fmacritchieda@paypal.com,Nicaragua,3681 Valley Edge Alley
480,Ham,Feaster,502-(759)884-9279,hfeasterdb@businessweek.com,Guatemala,811 Manley Terrace
481,Lusa,Batchelar,506-(489)831-5419,lbatchelardc@wsj.com,Costa Rica,507 Gulseth Point
482,Brigitte,Glasheen,507-(259)318-2794,bglasheendd@sciencedaily.com,Panama,0 Lerdahl Hill
483,Edythe,Battell,502-(544)323-9631,ebattellde@bigcartel.com,Guatemala,44 Hermina Plaza
484,Johannah,Golton,505-(254)443-1028,jgoltondf@bravesites.com,Nicaragua,21125 Leroy Point
485,Dian,Veltman,505-(349)832-7393,dveltmandg@uol.com.br,Nicaragua,19983 Del Sol Point
486,Porter,Baptista,506-(653)489-7311,pbaptistadh@webeden.co.uk,Costa Rica,13 High Crossing Road
487,Amby,Verralls,506-(951)308-4986,averrallsdi@technorati.com,Costa Rica,8372 Vahlen Way
488,Nana,Burnsell,507-(672)348-0467,nburnselldj@facebook.com,Panama,98642 Superior Lane
489,Dav,Cannell,502-(329)321-1759,dcannelldk@nbcnews.com,Guatemala,906 Lindbergh Road
490,Nat,L'Hommee,507-(998)227-0468,nlhommeedl@google.fr,Panama,293 Marcy Street
491,Kalle,Doberer,506-(275)869-9594,kdobererdm@bravesites.com,Costa Rica,6194 Corscot Crossing
492,Bendix,Euplate,502-(268)115-3964,beuplatedn@chron.com,Guatemala,01335 Talmadge Point
493,Wendi,Bernardt,507-(322)404-2503,wbernardtdo@reddit.com,Panama,08 Debra Circle
494,Dulcia,Facey,505-(721)615-0044,dfaceydp@admin.ch,Nicaragua,775 Jenifer Park
495,Tuckie,Flatt,507-(865)219-7833,tflattdq@tinypic.com,Panama,0220 Arkansas Park
496,Ana,McIlmorow,507-(150)905-8433,amcilmorowdr@wunderground.com,Panama,762 Moulton Road
497,Kendricks,Barense,502-(288)816-5479,kbarenseds@ehow.com,Guatemala,59035 Hooker Junction
498,Ardyth,Karppi,507-(247)101-2515,akarppidt@go.com,Panama,59064 American Ash Hill
499,Annaliese,Balint,506-(381)184-2379,abalintdu@gizmodo.com,Costa Rica,41 Mallory Circle
500,Lorri,Skune,507-(543)835-4734,lskunedv@wired.com,Panama,5 East Avenue
501,Erda,Trevett,507-(708)356-6354,etrevettdw@hud.gov,Panama,3573 Bartelt Place
502,Diannne,Shoreman,506-(568)583-4702,dshoremandx@utexas.edu,Costa Rica,6014 Brown Alley
503,Symon,Witcomb,502-(575)796-7473,switcombdy@woothemes.com,Guatemala,79 Manufacturers Trail
504,Myrilla,Mowling,502-(408)899-7079,mmowlingdz@people.com.cn,Guatemala,9624 Bashford Park
505,Olive,Menico,507-(407)405-4775,omenicoe0@google.com,Panama,728 David Pass
506,Layla,Simper,505-(437)515-2991,lsimpere1@issuu.com,Nicaragua,66 Fairview Way
507,Dory,Rigmond,507-(409)187-8034,drigmonde2@cbslocal.com,Panama,71 Del Mar Place
508,Reinold,Mickleburgh,505-(395)526-1036,rmickleburghe3@samsung.com,Nicaragua,924 Leroy Point
509,Daune,Featherstonhalgh,505-(359)598-5386,dfeatherstonhalghe4@ebay.com,Nicaragua,44396 Coleman Parkway
510,Darya,Fountian,502-(736)402-0150,dfountiane5@indiatimes.com,Guatemala,882 Oriole Road
511,Elnore,Steddall,507-(560)546-8401,esteddalle6@bloomberg.com,Panama,7444 Namekagon Road
512,Osbert,Elsmere,505-(420)759-8603,oelsmeree7@mayoclinic.com,Nicaragua,6223 Briar Crest Place
513,Derrek,Wolfit,505-(719)940-1425,dwolfite8@mysql.com,Nicaragua,99407 Pierstorff Trail
514,Colman,Rustadge,506-(703)325-8730,crustadgee9@bravesites.com,Costa Rica,281 Comanche Plaza
515,Cammie,Younglove,507-(743)394-6892,cyoungloveea@twitpic.com,Panama,783 Welch Lane
516,Ezekiel,Sylett,507-(745)133-5129,esyletteb@4shared.com,Panama,7029 Harper Terrace
517,Berkie,Killingsworth,507-(544)486-9738,bkillingsworthec@cafepress.com,Panama,92497 Hollow Ridge Hill
518,Verine,Roper,507-(419)526-2008,vropered@telegraph.co.uk,Panama,40 Armistice Point
519,Arlina,Sonschein,502-(706)199-9821,asonscheinee@tripadvisor.com,Guatemala,0247 Hayes Drive
520,Rusty,Biasotti,502-(546)790-9783,rbiasottief@walmart.com,Guatemala,14 Northland Street
521,Genny,Vaines,507-(665)784-6465,gvaineseg@tuttocitta.it,Panama,753 Daystar Plaza
522,Drugi,Bean,507-(587)954-1950,dbeaneh@admin.ch,Panama,72 Ryan Way
523,Lacie,Fairfoot,502-(454)846-0623,lfairfootei@rambler.ru,Guatemala,3899 Sycamore Lane
524,Francisca,Blaszkiewicz,505-(848)846-7164,fblaszkiewiczej@cocolog-nifty.com,Nicaragua,07 Bluejay Way
525,Marcie,Riddell,506-(599)393-6937,mriddellek@cafepress.com,Costa Rica,07 Pepper Wood Point
526,Burr,Hallin,507-(876)990-7971,bhallinel@marketwatch.com,Panama,9 Texas Drive
527,Fayina,Ghiraldi,507-(238)214-4064,fghiraldiem@army.mil,Panama,97 Menomonie Court
528,Barret,Spreadbury,507-(717)170-3217,bspreadburyen@si.edu,Panama,588 Reindahl Point
529,Isaac,MacGauhy,506-(986)318-5207,imacgauhyeo@dedecms.com,Costa Rica,0187 Westerfield Drive
530,Tiff,Thirlaway,506-(948)526-7189,tthirlawayep@smugmug.com,Costa Rica,32916 Pierstorff Way
531,Dulsea,Ewens,506-(599)150-1922,dewenseq@nsw.gov.au,Costa Rica,1730 Warner Plaza
532,Jeremy,Noell,502-(298)991-1318,jnoeller@1und1.de,Guatemala,386 Prairie Rose Avenue
533,Colman,Petrashkov,502-(243)671-3766,cpetrashkoves@goo.gl,Guatemala,76423 Golf View Crossing
534,Jennifer,Bevir,505-(745)887-9381,jbeviret@istockphoto.com,Nicaragua,0827 Laurel Crossing
535,Beret,Djurdjevic,507-(263)274-2827,bdjurdjeviceu@list-manage.com,Panama,97966 Mitchell Center
536,Teresina,Tungay,507-(123)529-2239,ttungayev@eventbrite.com,Panama,1599 Dixon Court
537,Callida,Over,502-(244)669-6046,coverew@telegraph.co.uk,Guatemala,0 Iowa Road
538,Richie,Stubbington,506-(773)101-2858,rstubbingtonex@mayoclinic.com,Costa Rica,34 Oneill Plaza
539,Emanuele,Krammer,505-(436)284-5001,ekrammerey@de.vu,Nicaragua,0 Dennis Lane
540,Dasya,Lehemann,507-(726)696-9784,dlehemannez@nba.com,Panama,663 Carioca Place
541,Fey,Menichino,506-(244)594-3801,fmenichinof0@histats.com,Costa Rica,9566 Fremont Trail
542,Shanie,Whittier,502-(419)988-5348,swhittierf1@bandcamp.com,Guatemala,25308 Manley Pass
543,Salim,Napoleon,507-(475)778-2011,snapoleonf2@wikia.com,Panama,419 Pepper Wood Drive
544,Kirby,Touzey,507-(828)594-6946,ktouzeyf3@nydailynews.com,Panama,53 Clyde Gallagher Park
545,Rufe,Hollyman,502-(438)766-3465,rhollymanf4@netscape.com,Guatemala,93 American Ash Parkway
546,Viva,Avramchik,506-(893)738-3850,vavramchikf5@sina.com.cn,Costa Rica,338 Mitchell Alley
547,Issiah,MacArthur,507-(652)452-0696,imacarthurf6@altervista.org,Panama,79052 Grim Hill
548,Maury,Crosbie,502-(340)810-8735,mcrosbief7@dell.com,Guatemala,31069 Coolidge Point
549,Roshelle,Mawd,506-(336)595-3944,rmawdf8@mapy.cz,Costa Rica,9 Cordelia Park
550,Sherline,Lockart,505-(360)939-9410,slockartf9@upenn.edu,Nicaragua,12523 Norway Maple Alley
551,Mata,Course,502-(871)398-5931,mcoursefa@army.mil,Guatemala,8 Clarendon Drive
552,Lindie,Chartman,505-(961)518-4663,lchartmanfb@sitemeter.com,Nicaragua,66 Straubel Drive
553,Ninon,Sliman,505-(430)864-3705,nslimanfc@utexas.edu,Nicaragua,79474 Old Shore Trail
554,Glenn,Stidson,505-(683)615-1018,gstidsonfd@multiply.com,Nicaragua,79 Bartillon Court
555,Theresina,Gerholz,507-(696)667-7732,tgerholzfe@sourceforge.net,Panama,73 Fallview Hill
556,Case,Garretts,506-(507)987-9572,cgarrettsff@addtoany.com,Costa Rica,3178 La Follette Street
557,Hugibert,Gebbie,502-(348)386-4718,hgebbiefg@cloudflare.com,Guatemala,8 Memorial Hill
558,Valentia,Knights,502-(346)128-9824,vknightsfh@china.com.cn,Guatemala,00976 International Way
559,Karen,Geater,507-(274)667-6542,kgeaterfi@fc2.com,Panama,66 Claremont Plaza
560,Jobie,Bwye,506-(216)836-5045,jbwyefj@washington.edu,Costa Rica,96 Dorton Way
561,Ritchie,Olivo,502-(833)407-6159,rolivofk@indiegogo.com,Guatemala,03773 Arkansas Trail
562,Gwenora,Besantie,507-(428)106-3760,gbesantiefl@ox.ac.uk,Panama,1378 Milwaukee Avenue
563,Nathanial,Dawtry,502-(792)472-1763,ndawtryfm@infoseek.co.jp,Guatemala,80 Heffernan Park
564,Roseanne,Kinahan,506-(412)885-6034,rkinahanfn@java.com,Costa Rica,709 Michigan Point
565,Rosamond,Leverett,507-(952)289-6764,rleverettfo@pinterest.com,Panama,73540 Loftsgordon Way
566,Paco,Dilleston,502-(440)902-3926,pdillestonfp@si.edu,Guatemala,74846 Kings Alley
567,Cariotta,Verriour,505-(235)257-7375,cverriourfq@foxnews.com,Nicaragua,38089 Pleasure Plaza
568,Josefina,O'Shirine,502-(336)419-6246,joshirinefr@ovh.net,Guatemala,74 Raven Point
569,Jay,Burbank,502-(906)994-6984,jburbankfs@howstuffworks.com,Guatemala,6 Sheridan Point
570,Lee,Klaas,506-(371)729-5646,lklaasft@bbc.co.uk,Costa Rica,87 Maryland Place
571,Jannel,Avey,507-(629)714-1671,javeyfu@list-manage.com,Panama,029 Dakota Alley
572,Dieter,Eads,507-(252)758-1947,deadsfv@people.com.cn,Panama,89877 Roxbury Trail
573,Arlene,Gerty,507-(137)849-3503,agertyfw@yandex.ru,Panama,23 Summer Ridge Place
574,Kristina,McNab,502-(674)981-7012,kmcnabfx@bing.com,Guatemala,48266 Katie Parkway
575,Lari,Beagen,502-(646)139-3948,lbeagenfy@smugmug.com,Guatemala,6601 Rigney Street
576,Dani,Issacson,502-(523)379-2056,dissacsonfz@oracle.com,Guatemala,244 Monterey Point
577,Babs,Bridgewater,507-(246)575-4844,bbridgewaterg0@bandcamp.com,Panama,2 Farmco Street
578,Marybelle,Daens,502-(134)529-2063,mdaensg1@google.de,Guatemala,951 Eggendart Plaza
579,Druci,Durnin,502-(114)876-3126,ddurning2@usgs.gov,Guatemala,05294 Petterle Point
580,Laurella,Schulze,505-(516)941-0550,lschulzeg3@mit.edu,Nicaragua,546 Schmedeman Hill
581,Garold,Dowey,506-(807)154-9373,gdoweyg4@scribd.com,Costa Rica,9 Messerschmidt Way
582,Carmita,Molan,502-(575)612-1096,cmolang5@slideshare.net,Guatemala,81840 Garrison Lane
583,Wesley,Litchmore,506-(646)351-0999,wlitchmoreg6@delicious.com,Costa Rica,9427 Anhalt Court
584,Garvy,Payle,502-(606)451-3479,gpayleg7@dropbox.com,Guatemala,13957 Hoepker Crossing
585,Roby,Denge,505-(765)702-0245,rdengeg8@sbwire.com,Nicaragua,0766 Fallview Court
586,Enrichetta,Cess,502-(343)874-1960,ecessg9@i2i.jp,Guatemala,42 Menomonie Center
587,Jada,Sygrove,506-(677)220-0802,jsygrovega@seesaa.net,Costa Rica,9 Surrey Junction
588,Idaline,Clewett,502-(971)120-4198,iclewettgb@miibeian.gov.cn,Guatemala,207 Novick Street
589,Neely,Carless,505-(995)830-0586,ncarlessgc@usgs.gov,Nicaragua,3023 Kenwood Terrace
590,My,Denge,505-(566)975-2185,mdengegd@nytimes.com,Nicaragua,3 Rockefeller Point
591,Sybila,Strain,507-(156)958-3569,sstrainge@nyu.edu,Panama,98575 Linden Plaza
592,Karola,Andreazzi,505-(939)168-3948,kandreazzigf@wisc.edu,Nicaragua,235 Fuller Junction
593,Stewart,Verbrugge,507-(960)928-5496,sverbruggegg@amazon.de,Panama,516 Glacier Hill Avenue
594,Ruthe,Kingsbury,502-(144)322-5611,rkingsburygh@answers.com,Guatemala,1 Dexter Drive
595,Margret,Blanch,506-(476)920-8009,mblanchgi@ow.ly,Costa Rica,3279 Myrtle Hill
596,Norean,Iuorio,502-(841)964-2451,niuoriogj@hostgator.com,Guatemala,13494 Claremont Pass
597,Lovell,Seedhouse,502-(419)809-4327,lseedhousegk@php.net,Guatemala,406 Shasta Park
598,Carey,McKendry,502-(415)610-4243,cmckendrygl@cargocollective.com,Guatemala,745 Mallory Way
599,Sarge,Bines,506-(301)249-2182,sbinesgm@hc360.com,Costa Rica,9 Atwood Lane
600,Allan,Bernini,502-(974)354-5375,aberninign@nature.com,Guatemala,665 Anhalt Drive
601,Scarface,Welton,505-(601)853-0510,sweltongo@dmoz.org,Nicaragua,5205 Mallory Crossing
602,Margo,Sambells,507-(457)843-1648,msambellsgp@digg.com,Panama,01 Judy Place
603,Stacia,Giottoi,502-(663)431-9742,sgiottoigq@yellowbook.com,Guatemala,72 Eastwood Park
604,Eimile,Weed,502-(854)254-5256,eweedgr@dailymotion.com,Guatemala,145 Alpine Lane
605,Alex,Snasel,505-(857)369-5553,asnaselgs@mayoclinic.com,Nicaragua,87 Pleasure Street
606,Evelina,Culter,507-(115)534-7307,ecultergt@cnbc.com,Panama,08 Maple Wood Lane
607,Gilda,Giacomi,502-(617)397-4933,ggiacomigu@hc360.com,Guatemala,243 Jay Avenue
608,Kiah,Raittie,502-(318)131-1981,kraittiegv@mayoclinic.com,Guatemala,0 West Way
609,Eliot,Hartmann,505-(607)806-2689,ehartmanngw@squarespace.com,Nicaragua,96 Pepper Wood Pass
610,Cal,Branchflower,502-(387)451-5204,cbranchflowergx@icq.com,Guatemala,4321 Oxford Trail
611,Tallia,Leechman,507-(190)479-3063,tleechmangy@epa.gov,Panama,4654 Burrows Park
612,Shalna,Bride,502-(763)487-1515,sbridegz@mlb.com,Guatemala,556 Mandrake Lane
613,Kerwin,Rudolph,506-(572)728-2178,krudolphh0@twitter.com,Costa Rica,840 Gerald Hill
614,Ernesta,Steynor,507-(794)425-0719,esteynorh1@ycombinator.com,Panama,63 Thackeray Drive
615,Merrill,Feak,502-(325)481-4184,mfeakh2@privacy.gov.au,Guatemala,2 Sugar Street
616,Jamil,Hyams,502-(405)937-9069,jhyamsh3@discuz.net,Guatemala,564 Barnett Junction
617,Stillmann,Rennison,505-(764)176-9367,srennisonh4@altervista.org,Nicaragua,98 Petterle Way
618,Herbert,Caughey,502-(579)646-4513,hcaugheyh5@eventbrite.com,Guatemala,6 Toban Pass
619,Melantha,Perutto,502-(908)998-3136,mperuttoh6@howstuffworks.com,Guatemala,69 Brentwood Drive
620,Mathilde,Male,502-(435)335-7424,mmaleh7@elegantthemes.com,Guatemala,4586 Mosinee Road
621,Angeli,Feyer,505-(712)766-4173,afeyerh8@state.tx.us,Nicaragua,04205 Golden Leaf Point
622,Giorgi,Grangier,505-(512)308-3674,ggrangierh9@free.fr,Nicaragua,5 Mcguire Trail
623,Quentin,Merfin,507-(135)780-5867,qmerfinha@usatoday.com,Panama,400 Dottie Parkway
624,Westleigh,Mersh,507-(898)711-5785,wmershhb@ebay.com,Panama,441 Ruskin Way
625,Leila,Sadd,502-(933)947-7402,lsaddhc@dot.gov,Guatemala,7 Oak Park
626,Christy,Aldcorn,502-(591)302-3244,caldcornhd@timesonline.co.uk,Guatemala,544 Pankratz Street
627,Danya,Ling,506-(701)957-1457,dlinghe@elegantthemes.com,Costa Rica,1 Beilfuss Lane
628,Perry,Farress,502-(233)289-4591,pfarresshf@dailymotion.com,Guatemala,3 Goodland Crossing
629,Sylvan,Havock,507-(688)785-7454,shavockhg@miitbeian.gov.cn,Panama,57 Sage Plaza
630,Rob,Grossier,505-(938)655-2571,rgrossierhh@java.com,Nicaragua,2 Meadow Vale Place
631,Lenore,Aspey,502-(298)668-0947,laspeyhi@networkadvertising.org,Guatemala,479 Forest Dale Place
632,Horace,Redsull,506-(842)623-0310,hredsullhj@chron.com,Costa Rica,1 Basil Junction
633,Auria,Lohde,507-(560)349-2402,alohdehk@amazon.de,Panama,25 Armistice Pass
634,Jeniece,Postgate,502-(711)385-9910,jpostgatehl@npr.org,Guatemala,0 Manley Point
635,Craggie,Pettigrew,507-(699)644-8636,cpettigrewhm@state.gov,Panama,776 Garrison Trail
636,Beale,Keoghan,502-(740)420-1658,bkeoghanhn@webmd.com,Guatemala,937 1st Street
637,Innis,Duffy,502-(549)155-5331,iduffyho@etsy.com,Guatemala,897 Stone Corner Lane
638,Al,Gadd,507-(809)348-8745,agaddhp@opensource.org,Panama,84 Florence Hill
639,Addi,Heard,505-(824)227-2235,aheardhq@w3.org,Nicaragua,78121 Tennessee Terrace
640,Eric,Vogele,507-(192)873-0815,evogelehr@myspace.com,Panama,8692 Chive Court
641,Lissy,Woodham,502-(318)576-1090,lwoodhamhs@reference.com,Guatemala,26 Oxford Circle
642,Jeannette,Casillis,506-(508)305-9544,jcasillisht@bigcartel.com,Costa Rica,30912 Heffernan Place
643,Burg,Huntriss,506-(606)766-9767,bhuntrisshu@oakley.com,Costa Rica,03 Di Loreto Alley
644,Anatola,Alyutin,505-(729)417-7839,aalyutinhv@yale.edu,Nicaragua,7 Gateway Crossing
645,Corby,Lawry,506-(977)252-4390,clawryhw@elegantthemes.com,Costa Rica,8794 Rigney Plaza
646,Amabel,Shipston,505-(931)991-8179,ashipstonhx@wordpress.com,Nicaragua,115 Prairie Rose Drive
647,Tedda,Tardiff,505-(297)355-0735,ttardiffhy@hatena.ne.jp,Nicaragua,3958 Little Fleur Hill
648,Lucien,Treffry,502-(618)182-4227,ltreffryhz@uiuc.edu,Guatemala,4147 Mosinee Street
649,Amanda,Hadden,507-(295)383-9027,ahaddeni0@pagesperso-orange.fr,Panama,191 Pearson Court
650,Ayn,Latchmore,505-(211)574-2788,alatchmorei1@vkontakte.ru,Nicaragua,1757 Barnett Lane
651,Prudi,Gregore,507-(714)293-3370,pgregorei2@cam.ac.uk,Panama,97454 Autumn Leaf Alley
652,Benedicta,Westman,502-(653)932-8098,bwestmani3@trellian.com,Guatemala,907 Macpherson Crossing
653,Benedikt,Redfern,502-(494)340-6627,bredferni4@nymag.com,Guatemala,946 Farwell Lane
654,Theodor,Chaves,502-(912)419-6912,tchavesi5@springer.com,Guatemala,8116 Moland Road
655,Drona,Worsell,507-(208)174-6059,dworselli6@squidoo.com,Panama,50 Boyd Center
656,Ellerey,Robelow,505-(927)340-0233,erobelowi7@furl.net,Nicaragua,7847 2nd Hill
657,Marcello,Ovenden,502-(839)989-2053,movendeni8@slate.com,Guatemala,340 Graedel Lane
658,Heall,Bachs,507-(304)892-2977,hbachsi9@privacy.gov.au,Panama,804 Arrowood Point
659,Ignatius,Davidsen,502-(373)852-9661,idavidsenia@apple.com,Guatemala,26038 1st Court
660,Henry,Kollach,502-(888)100-4414,hkollachib@archive.org,Guatemala,926 Quincy Trail
661,Philbert,Fitton,507-(399)961-7887,pfittonic@gizmodo.com,Panama,5145 American Ash Crossing
662,Cybill,Breadmore,506-(293)750-2463,cbreadmoreid@tiny.cc,Costa Rica,34790 Carberry Trail
663,Constancia,Govett,505-(891)268-0136,cgovettie@nature.com,Nicaragua,3227 Rockefeller Point
664,Leonerd,Stephens,507-(415)351-1753,lstephensif@networkadvertising.org,Panama,1 Jay Park
665,Rene,Lanmeid,505-(488)715-2552,rlanmeidig@naver.com,Nicaragua,3981 Texas Terrace
666,Mady,Strethill,506-(990)205-1498,mstrethillih@seattletimes.com,Costa Rica,36372 Anzinger Alley
667,Marigold,Scott,502-(671)292-4207,mscottii@arstechnica.com,Guatemala,8885 Anthes Place
668,Madalyn,Elfes,507-(501)445-2450,melfesij@harvard.edu,Panama,214 Truax Avenue
669,Fina,Fradson,507-(891)638-7240,ffradsonik@cnn.com,Panama,21580 Maywood Crossing
670,Chariot,Dayce,507-(144)675-8671,cdayceil@bizjournals.com,Panama,29388 Ilene Plaza
671,Nicolais,Van Dale,505-(352)324-1740,nvandaleim@fastcompany.com,Nicaragua,0239 Blackbird Parkway
672,Crissie,Falvey,505-(794)578-9757,cfalveyin@typepad.com,Nicaragua,614 High Crossing Point
673,Pru,Shakesby,502-(730)416-6934,pshakesbyio@ning.com,Guatemala,11256 Macpherson Park
674,Shaw,Blofeld,507-(219)627-2933,sblofeldip@google.com.hk,Panama,65 Schiller Avenue
675,Ewan,Sperrett,507-(480)932-8323,esperrettiq@eepurl.com,Panama,40526 Oriole Lane
676,Adrian,Spratling,506-(947)148-1287,aspratlingir@chicagotribune.com,Costa Rica,0 Tony Junction
677,Welch,Aldersea,507-(942)274-2879,walderseais@yellowbook.com,Panama,6 Dovetail Trail
678,Mikaela,Delacote,507-(746)575-8729,mdelacoteit@netvibes.com,Panama,98 Towne Pass
679,Reyna,Whatford,502-(209)423-7727,rwhatfordiu@kickstarter.com,Guatemala,5333 Derek Alley
680,Esmaria,Spanton,502-(285)156-3411,espantoniv@salon.com,Guatemala,96349 Leroy Point
681,Lester,Kinsell,502-(685)584-5324,lkinselliw@discovery.com,Guatemala,8 Sutteridge Terrace
682,Claybourne,Claussen,506-(152)424-6197,cclaussenix@trellian.com,Costa Rica,10582 Moose Avenue
683,Kerby,Rolph,507-(705)844-8480,krolphiy@amazon.de,Panama,67 Hooker Court
684,Charlena,Gini,506-(315)398-0001,cginiiz@sakura.ne.jp,Costa Rica,6943 Continental Way
685,Alexina,Olechnowicz,502-(301)471-0934,aolechnowiczj0@ocn.ne.jp,Guatemala,7 Jenifer Circle
686,Beale,Carrier,506-(119)105-3885,bcarrierj1@telegraph.co.uk,Costa Rica,1 Anhalt Plaza
687,Carrissa,Orry,506-(878)226-4599,corryj2@washington.edu,Costa Rica,72431 Northwestern Parkway
688,Lotta,Pruce,506-(393)591-5397,lprucej3@newsvine.com,Costa Rica,41506 Green Ridge Point
689,Lodovico,Pochon,502-(947)121-3412,lpochonj4@soup.io,Guatemala,1225 Macpherson Drive
690,Raphael,Bowden,506-(484)424-6583,rbowdenj5@usda.gov,Costa Rica,928 Bashford Park
691,Gwyn,Bosenworth,507-(317)259-7241,gbosenworthj6@ox.ac.uk,Panama,19 Corry Drive
692,Tito,Szimon,507-(402)481-9718,tszimonj7@woothemes.com,Panama,57 Londonderry Crossing
693,Angeline,Bullene,507-(271)414-0580,abullenej8@stanford.edu,Panama,09893 Red Cloud Junction
694,Charmion,Ianne,507-(276)263-4994,ciannej9@ycombinator.com,Panama,07893 Shelley Terrace
695,Mercie,Suddell,502-(511)658-2332,msuddellja@skype.com,Guatemala,21 Hooker Road
696,Ximenes,Docksey,506-(952)636-3311,xdockseyjb@baidu.com,Costa Rica,6 Surrey Way
697,Letisha,Janway,506-(671)507-1483,ljanwayjc@facebook.com,Costa Rica,5288 Di Loreto Road
698,Dore,Malcolm,507-(509)563-8462,dmalcolmjd@discuz.net,Panama,0 Dryden Avenue
699,Isabel,Marler,506-(145)133-0102,imarlerje@paginegialle.it,Costa Rica,15 Londonderry Plaza
700,Pippa,Meiklejohn,506-(943)219-2657,pmeiklejohnjf@gravatar.com,Costa Rica,734 Everett Crossing
701,Pier,Codi,502-(412)164-9082,pcodijg@google.co.jp,Guatemala,680 David Junction
702,Brendan,Hilling,502-(995)574-9651,bhillingjh@bandcamp.com,Guatemala,622 Trailsway Drive
703,Emanuel,Myford,507-(186)409-2222,emyfordji@epa.gov,Panama,0310 Corry Point
704,Madonna,Coole,507-(697)737-6254,mcoolejj@psu.edu,Panama,45 Springs Parkway
705,Marcie,Hold,507-(189)674-1956,mholdjk@wordpress.com,Panama,07 Laurel Center
706,Horten,Keslake,507-(213)432-5901,hkeslakejl@odnoklassniki.ru,Panama,834 Muir Center
707,Buckie,Fernandez,506-(444)111-2422,bfernandezjm@telegraph.co.uk,Costa Rica,0013 Wayridge Terrace
708,Augustine,Firmager,502-(695)849-9155,afirmagerjn@smh.com.au,Guatemala,087 Loomis Trail
709,Hermione,Adamowicz,502-(894)546-7784,hadamowiczjo@usatoday.com,Guatemala,2701 Golden Leaf Crossing
710,Marieann,Lindroos,505-(614)699-2158,mlindroosjp@squidoo.com,Nicaragua,998 Warner Court
711,Margarethe,Paliser,507-(222)124-2434,mpaliserjq@examiner.com,Panama,111 Carberry Avenue
712,Thaddeus,Pigdon,502-(942)339-3625,tpigdonjr@ameblo.jp,Guatemala,8 Erie Street
713,Alina,Huband,506-(967)592-7313,ahubandjs@guardian.co.uk,Costa Rica,94842 Milwaukee Alley
714,Shirleen,Tavinor,507-(771)722-2020,stavinorjt@ucoz.com,Panama,17 Fuller Road
715,Aprilette,Krout,502-(742)783-2264,akroutju@tamu.edu,Guatemala,17 Atwood Court
716,Temple,MacGiolla Pheadair,506-(962)325-9210,tmacgiollapheadairjv@cnn.com,Costa Rica,93 Carpenter Alley
717,Rogers,Gittoes,506-(653)626-9202,rgittoesjw@marketwatch.com,Costa Rica,9 Randy Trail
718,Joni,Liverock,505-(985)943-7631,jliverockjx@gov.uk,Nicaragua,0 Hansons Avenue
719,Roda,Bowdery,502-(569)737-2611,rbowderyjy@geocities.com,Guatemala,67202 Green Ridge Avenue
720,Rheba,Lyffe,506-(194)884-7722,rlyffejz@simplemachines.org,Costa Rica,7209 Sunfield Way
721,Cole,Primett,505-(254)152-1727,cprimettk0@yellowbook.com,Nicaragua,1303 Vidon Crossing
722,Gregorius,Meecher,502-(254)777-7617,gmeecherk1@live.com,Guatemala,12 Clemons Circle
723,Reinhard,Himpson,502-(391)123-3527,rhimpsonk2@nsw.gov.au,Guatemala,1 Lyons Street
724,Skippy,Reijmers,502-(788)758-5364,sreijmersk3@livejournal.com,Guatemala,99338 Straubel Parkway
725,Una,Johansen,506-(662)223-0387,ujohansenk4@telegraph.co.uk,Costa Rica,3 Maywood Trail
726,Gray,Stuckford,507-(919)341-1293,gstuckfordk5@ebay.co.uk,Panama,3 Maryland Trail
727,Sibilla,Landreth,502-(749)162-4440,slandrethk6@hhs.gov,Guatemala,4674 Texas Point
728,Burtie,Solland,507-(162)745-2358,bsollandk7@flickr.com,Panama,4 Veith Avenue
729,Chet,Cristofori,505-(632)758-1218,ccristoforik8@bizjournals.com,Nicaragua,6387 Badeau Park
730,Stanley,Adamo,507-(316)362-5512,sadamok9@studiopress.com,Panama,392 Banding Center
731,Willy,Holah,507-(174)729-2250,wholahka@gmpg.org,Panama,063 Scofield Pass
732,Tori,Corbet,505-(648)387-6942,tcorbetkb@elegantthemes.com,Nicaragua,64 Birchwood Park
733,Marj,Maleby,505-(930)582-4872,mmalebykc@facebook.com,Nicaragua,8083 Fremont Court
734,Augustine,Penquet,502-(525)632-2679,apenquetkd@issuu.com,Guatemala,70 Holmberg Way
735,Gottfried,Garth,502-(454)240-3165,ggarthke@springer.com,Guatemala,0 Veith Pass
736,Adams,Moncarr,507-(160)261-7975,amoncarrkf@nba.com,Panama,74974 Texas Alley
737,Gaylord,Marquis,502-(842)198-9106,gmarquiskg@gizmodo.com,Guatemala,85864 Leroy Court
738,Felecia,Bill,507-(768)159-8017,fbillkh@amazon.de,Panama,245 Lighthouse Bay Circle
739,Gerianna,Connop,505-(171)502-7521,gconnopki@foxnews.com,Nicaragua,02138 Meadow Vale Parkway
740,Reidar,Biggerdike,502-(118)883-5602,rbiggerdikekj@live.com,Guatemala,92947 Farwell Court
741,Tamera,Rampton,506-(805)834-2716,tramptonkk@opera.com,Costa Rica,317 Susan Junction
742,Valentine,Spieght,507-(959)111-5433,vspieghtkl@webs.com,Panama,44304 Farmco Way
743,Donny,Moresby,502-(486)895-2784,dmoresbykm@addtoany.com,Guatemala,0 Bayside Plaza
744,Gearard,Thewys,507-(119)156-2403,gthewyskn@howstuffworks.com,Panama,6 Towne Circle
745,Skip,Jzak,502-(723)518-4169,sjzakko@hp.com,Guatemala,10 Basil Road
746,Edgardo,Heugh,502-(529)455-5811,eheughkp@bbb.org,Guatemala,093 Kim Street
747,Karon,Stroband,506-(469)772-2831,kstrobandkq@va.gov,Costa Rica,078 Nova Park
748,Cathleen,Goodbarr,502-(231)637-1715,cgoodbarrkr@merriam-webster.com,Guatemala,1 Cardinal Avenue
749,Pavel,Igo,502-(613)189-4959,pigoks@edublogs.org,Guatemala,70 Tomscot Road
750,Beatrice,Lode,502-(847)287-8787,blodekt@salon.com,Guatemala,18 Holmberg Plaza
751,Carolan,Portugal,502-(983)100-0750,cportugalku@e-recht24.de,Guatemala,78 Roxbury Crossing
752,Jobi,Strathearn,507-(306)513-6933,jstrathearnkv@indiatimes.com,Panama,0 Chive Circle
753,Catrina,Lovitt,507-(602)309-7133,clovittkw@bloomberg.com,Panama,10700 Bobwhite Circle
754,Alanson,Croley,502-(953)423-5820,acroleykx@forbes.com,Guatemala,6246 Springs Point
755,Pet,Shackesby,502-(191)148-8583,pshackesbyky@alexa.com,Guatemala,0070 School Avenue
756,Trix,Tooker,502-(336)658-6435,ttookerkz@bing.com,Guatemala,7063 Westport Crossing
757,Rikki,Yalden,505-(684)342-4286,ryaldenl0@domainmarket.com,Nicaragua,60148 Meadow Vale Road
758,Claiborne,Besque,502-(102)848-1991,cbesquel1@symantec.com,Guatemala,439 Merry Drive
759,Nicolea,McGillreich,507-(766)157-0100,nmcgillreichl2@reuters.com,Panama,46 Colorado Road
760,Dolorita,Franzelini,506-(980)654-2319,dfranzelinil3@mayoclinic.com,Costa Rica,2270 Crowley Drive
761,Jose,Magauran,506-(703)220-8304,jmagauranl4@taobao.com,Costa Rica,873 Bowman Plaza
762,Delbert,Chesman,507-(268)847-0512,dchesmanl5@quantcast.com,Panama,47 Arrowood Crossing
763,Jasmine,Flieger,507-(819)503-5347,jfliegerl6@nydailynews.com,Panama,1155 Hooker Circle
764,Tallou,Petruszka,507-(720)280-2401,tpetruszkal7@guardian.co.uk,Panama,17 Claremont Court
765,Donal,Levee,507-(257)935-8170,dleveel8@irs.gov,Panama,9097 Nobel Way
766,Betteanne,Sappson,507-(733)254-9333,bsappsonl9@admin.ch,Panama,94 Mendota Road
767,Kalie,Bycraft,505-(273)288-2592,kbycraftla@gizmodo.com,Nicaragua,8 Stang Trail
768,Heidi,Tilte,502-(379)881-0451,htiltelb@tripod.com,Guatemala,859 Miller Junction
769,Waylon,Kelledy,502-(964)396-9483,wkelledylc@wikispaces.com,Guatemala,22219 Kropf Point
770,Thebault,Starrs,507-(169)442-5753,tstarrsld@google.pl,Panama,8 Kensington Street
771,Lettie,Nutter,507-(600)406-3374,lnutterle@sun.com,Panama,78050 Hoard Street
772,Bertrand,Kirgan,506-(251)298-8240,bkirganlf@tmall.com,Costa Rica,27 Delaware Center
773,Mary,Staner,502-(629)678-3707,mstanerlg@is.gd,Guatemala,774 Lunder Lane
774,Cherilynn,Hordell,506-(696)291-8228,chordelllh@usda.gov,Costa Rica,1 School Parkway
775,Theodor,Prazer,502-(578)612-7535,tprazerli@umich.edu,Guatemala,38759 Stuart Junction
776,Isabella,Shovell,502-(736)943-9521,ishovelllj@sakura.ne.jp,Guatemala,37 Nancy Crossing
777,Mehetabel,Kliemke,502-(130)375-8252,mkliemkelk@dailymail.co.uk,Guatemala,68124 Macpherson Park
778,Claiborn,Curreen,505-(341)760-1790,ccurreenll@nature.com,Nicaragua,54610 Arkansas Trail
779,Gwendolin,Banford,505-(587)434-1613,gbanfordlm@illinois.edu,Nicaragua,399 Fallview Junction
780,Kenneth,Lambis,502-(382)531-3898,klambisln@4shared.com,Guatemala,69133 Buhler Plaza
781,Elise,Howells,502-(213)404-9195,ehowellslo@cdc.gov,Guatemala,36 Park Meadow Road
782,Homer,Woodyatt,502-(691)456-3693,hwoodyattlp@nationalgeographic.com,Guatemala,6 Pleasure Way
783,Eugenia,Wogdon,506-(672)534-3475,ewogdonlq@list-manage.com,Costa Rica,4014 Sommers Crossing
784,Ky,Darville,507-(780)574-0009,kdarvillelr@marketwatch.com,Panama,1 New Castle Parkway
785,Anatol,Chretien,502-(850)376-3078,achretienls@ihg.com,Guatemala,8 Morningstar Alley
786,Levin,McGrann,502-(488)183-8579,lmcgrannlt@photobucket.com,Guatemala,8 Trailsway Alley
787,Bridget,Reitenbach,505-(671)317-4714,breitenbachlu@sakura.ne.jp,Nicaragua,2885 Hazelcrest Circle
788,Rudd,Sweetman,505-(747)309-1254,rsweetmanlv@newyorker.com,Nicaragua,7 Manufacturers Park
789,Odelia,Lillee,507-(815)410-9146,olilleelw@storify.com,Panama,6 Village Green Plaza
790,Jose,Milkin,505-(543)732-4053,jmilkinlx@chicagotribune.com,Nicaragua,874 Milwaukee Crossing
791,Niel,Jozefowicz,507-(306)913-1812,njozefowiczly@dell.com,Panama,9 Elka Terrace
792,Zechariah,Simson,502-(156)729-0319,zsimsonlz@ucoz.com,Guatemala,48 Dryden Street
793,Cassy,Goschalk,505-(510)747-5162,cgoschalkm0@forbes.com,Nicaragua,967 Ohio Plaza
794,Stanislas,Lockyear,502-(282)539-0488,slockyearm1@unblog.fr,Guatemala,72 Mendota Alley
795,Benita,Manwaring,506-(557)524-5900,bmanwaringm2@telegraph.co.uk,Costa Rica,67985 Ilene Circle
796,Marrissa,MacGuffog,507-(274)706-5296,mmacguffogm3@usa.gov,Panama,59938 Coleman Way
797,Jayne,Emett,502-(360)340-2020,jemettm4@about.me,Guatemala,88 Mesta Trail
798,Odo,Drummer,506-(379)676-8527,odrummerm5@angelfire.com,Costa Rica,78375 Prairie Rose Parkway
799,Georgina,Gabbatiss,502-(776)283-3231,ggabbatissm6@spotify.com,Guatemala,1868 Butterfield Alley
800,Oliviero,O'Hanley,502-(195)416-2763,oohanleym7@miibeian.gov.cn,Guatemala,12 Superior Terrace
801,Coralyn,Jendas,502-(739)734-8098,cjendasm8@people.com.cn,Guatemala,9015 Del Sol Center
802,Valry,Gilcriest,502-(293)340-8674,vgilcriestm9@nationalgeographic.com,Guatemala,49 Ilene Park
803,Timmy,Triggol,505-(734)199-8125,ttriggolma@last.fm,Nicaragua,0391 Delaware Pass
804,Chandler,Tylor,502-(532)740-5827,ctylormb@rakuten.co.jp,Guatemala,7 Valley Edge Place
805,Melisa,Scotney,502-(243)669-5356,mscotneymc@i2i.jp,Guatemala,56239 Hudson Terrace
806,Aristotle,Swyndley,505-(824)360-6001,aswyndleymd@unc.edu,Nicaragua,171 Burrows Road
807,Alejandrina,Quittonden,505-(120)621-2896,aquittondenme@usgs.gov,Nicaragua,44 Sachtjen Hill
808,Harriott,McKeag,506-(808)580-4275,hmckeagmf@ning.com,Costa Rica,53 Lakewood Place
809,Shannon,Gossipin,502-(581)215-0929,sgossipinmg@github.io,Guatemala,8984 Fordem Street
810,Calla,Seer,507-(794)379-0479,cseermh@economist.com,Panama,71681 Transport Place
811,Jasper,Lorenc,502-(700)754-0951,jlorencmi@elegantthemes.com,Guatemala,20170 Packers Parkway
812,Enoch,Bycraft,505-(331)854-9661,ebycraftmj@mac.com,Nicaragua,945 Vidon Drive
813,Jayson,Rhymes,506-(647)156-8358,jrhymesmk@free.fr,Costa Rica,84 Sommers Way
814,Bertram,Piscotti,502-(506)480-9209,bpiscottiml@jalbum.net,Guatemala,9 Novick Parkway
815,Arnuad,Hartegan,507-(745)515-4636,aharteganmm@dell.com,Panama,4 Fallview Junction
816,Frances,Duffrie,502-(220)167-6821,fduffriemn@washington.edu,Guatemala,07 Summerview Avenue
817,Brenda,Island,502-(492)273-8078,bislandmo@cmu.edu,Guatemala,48 Randy Court
818,Cori,Buttriss,507-(685)917-5005,cbuttrissmp@ustream.tv,Panama,8 Forest Run Crossing
819,Hamnet,Poat,502-(425)156-0482,hpoatmq@thetimes.co.uk,Guatemala,36 Prairieview Trail
820,Neel,Harp,505-(517)803-5239,nharpmr@deliciousdays.com,Nicaragua,79 Magdeline Pass
821,Dredi,Pashenkov,502-(624)354-0574,dpashenkovms@posterous.com,Guatemala,03750 Vernon Road
822,Bobbye,Legan,507-(747)888-1265,bleganmt@bbb.org,Panama,3061 Russell Street
823,Harriott,Loadwick,505-(172)300-3116,hloadwickmu@ow.ly,Nicaragua,8 Golf Plaza
824,Carolyne,Heintz,505-(769)440-3595,cheintzmv@acquirethisname.com,Nicaragua,393 Norway Maple Drive
825,Templeton,Appleford,505-(830)426-2370,tapplefordmw@hibu.com,Nicaragua,2 Warrior Alley
826,Hill,Dinnis,507-(660)351-1944,hdinnismx@symantec.com,Panama,42382 Lunder Hill
827,Gun,Craw,507-(391)197-3783,gcrawmy@storify.com,Panama,89 Moulton Crossing
828,Lynne,Marfe,502-(624)938-8857,lmarfemz@wp.com,Guatemala,162 Del Mar Street
829,Myriam,Canavan,506-(408)461-4412,mcanavann0@twitpic.com,Costa Rica,07 Shopko Drive
830,Cross,Ranscome,502-(142)727-0108,cranscomen1@unesco.org,Guatemala,2869 Park Meadow Road
831,Elsinore,Fearney,505-(418)483-6661,efearneyn2@i2i.jp,Nicaragua,47 Nancy Way
832,Lexis,Zanolli,502-(132)476-0998,lzanollin3@ask.com,Guatemala,31 Independence Center
833,Harv,Eallis,506-(612)401-9776,heallisn4@cnn.com,Costa Rica,224 Eliot Lane
834,Kylynn,Ameer-Beg,502-(505)425-9651,kameerbegn5@hc360.com,Guatemala,57 Twin Pines Drive
835,Esra,Pfeffel,506-(998)443-2469,epfeffeln6@flavors.me,Costa Rica,90160 Montana Court
836,Upton,Poundford,507-(571)697-1332,upoundfordn7@squarespace.com,Panama,0 Muir Way
837,Jourdain,Lipgens,507-(934)702-0208,jlipgensn8@thetimes.co.uk,Panama,9336 Oak Court
838,Gretel,Hearley,507-(826)170-3318,ghearleyn9@domainmarket.com,Panama,920 Hermina Junction
839,Karim,Lenin,505-(119)794-2511,kleninna@typepad.com,Nicaragua,3825 Twin Pines Alley
840,Bethany,Pinkerton,502-(901)696-0277,bpinkertonnb@ucoz.com,Guatemala,630 Bellgrove Way
841,Martina,Whitebrook,502-(825)198-8719,mwhitebrooknc@buzzfeed.com,Guatemala,6 Merry Hill
842,Cori,Healks,506-(288)484-7885,chealksnd@irs.gov,Costa Rica,1 Thierer Way
843,Danella,Nise,505-(410)535-1005,dnisene@quantcast.com,Nicaragua,6002 Eggendart Plaza
844,Graham,Begley,506-(907)904-9221,gbegleynf@loc.gov,Costa Rica,16 Heath Point
845,Tandi,Gioani,502-(512)979-0196,tgioaning@symantec.com,Guatemala,26 Atwood Plaza
846,Sanson,Gurery,502-(975)624-2533,sgurerynh@blogtalkradio.com,Guatemala,99256 Scoville Crossing
847,Mordy,Boice,507-(981)811-1251,mboiceni@howstuffworks.com,Panama,0204 Onsgard Avenue
848,Georgeta,Viner,502-(227)796-4683,gvinernj@telegraph.co.uk,Guatemala,841 Kim Alley
849,Cairistiona,Le Pine,506-(389)530-2547,clepinenk@multiply.com,Costa Rica,45 Stone Corner Road
850,Mei,Okeshott,502-(864)120-9191,mokeshottnl@istockphoto.com,Guatemala,6028 Truax Center
851,Cinda,Akerman,506-(940)479-2373,cakermannm@lulu.com,Costa Rica,5261 Emmet Street
852,Delphine,Rickson,505-(696)966-7409,dricksonnn@meetup.com,Nicaragua,4253 Rieder Avenue
853,Verney,Renney,507-(116)857-9054,vrenneyno@washington.edu,Panama,8944 Corscot Junction
854,Gui,Tropman,502-(937)709-3739,gtropmannp@livejournal.com,Guatemala,27956 Valley Edge Way
855,Chrystel,Gibbard,505-(677)983-4767,cgibbardnq@wordpress.com,Nicaragua,0 South Place
856,Ramsay,Martinson,502-(282)791-0951,rmartinsonnr@pen.io,Guatemala,85875 Pearson Parkway
857,Cobby,Upstone,506-(418)824-9447,cupstonens@sogou.com,Costa Rica,78 Muir Drive
858,Zuzana,Harcarse,505-(931)600-6468,zharcarsent@newyorker.com,Nicaragua,7667 Shopko Center
859,Ulick,Milsap,505-(174)664-0701,umilsapnu@sourceforge.net,Nicaragua,307 Brickson Park Junction
860,Patin,Midlar,506-(708)655-5991,pmidlarnv@bloglovin.com,Costa Rica,34463 Burrows Court
861,Niven,De Minico,506-(579)901-4230,ndeminiconw@independent.co.uk,Costa Rica,518 Hanover Place
862,Antonella,Seabourne,502-(638)686-2140,aseabournenx@hibu.com,Guatemala,2429 Hazelcrest Junction
863,Warren,Benois,505-(508)101-8660,wbenoisny@imgur.com,Nicaragua,023 Fairview Court
864,Roch,Bootherstone,505-(150)470-4298,rbootherstonenz@simplemachines.org,Nicaragua,2712 Ridgeview Place
865,Wang,Keford,505-(722)301-3208,wkefordo0@scribd.com,Nicaragua,94 Forster Circle
866,Ramsay,Picford,502-(168)507-9503,rpicfordo1@netscape.com,Guatemala,32 Morning Hill
867,Odille,Moriarty,507-(306)736-7263,omoriartyo2@cpanel.net,Panama,8401 Monument Drive
868,Lynne,Bier,502-(572)313-9617,lbiero3@mysql.com,Guatemala,420 Vermont Junction
869,Vito,Offin,507-(251)918-5704,voffino4@princeton.edu,Panama,71 Northwestern Avenue
870,Jud,Kynge,506-(253)274-8498,jkyngeo5@gizmodo.com,Costa Rica,3956 Huxley Pass
871,Natale,Roulston,505-(556)464-8195,nroulstono6@xinhuanet.com,Nicaragua,72550 Eagan Avenue
872,Zsazsa,Hamberstone,502-(853)147-5329,zhamberstoneo7@hp.com,Guatemala,54 Westend Junction
873,Nichol,McGeever,507-(910)525-9821,nmcgeevero8@pbs.org,Panama,2 Bayside Court
874,Roderigo,Leynton,506-(515)291-8713,rleyntono9@theguardian.com,Costa Rica,109 Rieder Center
875,Yves,Guiton,506-(669)777-7154,yguitonoa@senate.gov,Costa Rica,77647 Lukken Lane
876,Zelda,Leek,507-(446)282-8240,zleekob@aol.com,Panama,4 Eggendart Alley
877,Sandy,Kimm,505-(886)146-5172,skimmoc@redcross.org,Nicaragua,575 Dunning Hill
878,Korrie,Bartke,502-(441)544-7406,kbartkeod@cloudflare.com,Guatemala,22 Del Sol Trail
879,Querida,Degenhardt,506-(383)835-1348,qdegenhardtoe@nbcnews.com,Costa Rica,24 Bunting Trail
880,Carmel,Wasling,506-(645)791-7601,cwaslingof@a8.net,Costa Rica,63 Anthes Center
881,Liuka,Bengoechea,502-(763)687-5628,lbengoecheaog@state.gov,Guatemala,73486 Eggendart Trail
882,Starla,Starten,502-(669)907-1978,sstartenoh@thetimes.co.uk,Guatemala,78644 John Wall Parkway
883,Gaye,Kirsche,506-(767)305-9685,gkirscheoi@amazonaws.com,Costa Rica,65 Armistice Avenue
884,Anastasie,Keyzman,505-(623)452-5852,akeyzmanoj@google.pl,Nicaragua,18986 Loftsgordon Place
885,Hamilton,Mewis,502-(144)444-3952,hmewisok@desdev.cn,Guatemala,6387 Sycamore Point
886,Marco,Serrier,502-(454)594-5257,mserrierol@reverbnation.com,Guatemala,908 Leroy Lane
887,Daisie,Andriulis,505-(195)447-5083,dandriulisom@sbwire.com,Nicaragua,8912 Summer Ridge Court
888,Frasco,Lowerson,506-(120)994-2144,flowersonon@shutterfly.com,Costa Rica,8724 Blue Bill Park Pass
889,Dan,Echlin,502-(179)706-2506,dechlinoo@twitter.com,Guatemala,04547 Forster Center
890,Hakeem,Fursse,506-(959)491-3172,hfursseop@ucsd.edu,Costa Rica,27030 Morning Hill
891,Cilka,Kalberer,507-(584)955-1085,ckalbereroq@ow.ly,Panama,63 Farwell Street
892,Gris,Powland,506-(172)377-4362,gpowlandor@edublogs.org,Costa Rica,18 Hermina Parkway
893,Barthel,Screech,502-(653)106-3005,bscreechos@opera.com,Guatemala,444 Spenser Terrace
894,Janifer,Allwright,502-(103)408-9453,jallwrightot@stumbleupon.com,Guatemala,71673 Hoffman Terrace
895,Tadio,Manifield,502-(439)601-5666,tmanifieldou@liveinternet.ru,Guatemala,981 Dixon Alley
896,Webb,Oager,502-(605)136-1645,woagerov@abc.net.au,Guatemala,18 Forster Alley
897,Cecilio,Lafford,507-(472)877-9156,claffordow@economist.com,Panama,4 Sutherland Circle
898,Corabella,Pursey,507-(710)229-7640,cpurseyox@zdnet.com,Panama,4 West Trail
899,Gib,Muckle,507-(991)915-7761,gmuckleoy@1688.com,Panama,2334 Fair Oaks Parkway
900,Linzy,Drover,505-(698)517-3711,ldroveroz@pen.io,Nicaragua,80132 Bartillon Parkway
901,Susanna,Hitschke,502-(712)390-8447,shitschkep0@printfriendly.com,Guatemala,386 Forest Dale Park
902,Leticia,Bernade,507-(370)556-7234,lbernadep1@so-net.ne.jp,Panama,2 Sage Center
903,Marieann,Mcwhinnie,502-(697)950-8227,mmcwhinniep2@mapquest.com,Guatemala,652 Scofield Pass
904,Johnette,Lehrahan,502-(757)163-1684,jlehrahanp3@php.net,Guatemala,3795 Manley Plaza
905,Simona,Paydon,502-(861)365-3772,spaydonp4@wordpress.org,Guatemala,3993 Scott Pass
906,Skippie,Ferrier,502-(963)824-6807,sferrierp5@google.ca,Guatemala,4126 7th Way
907,Fayette,Bagguley,505-(780)686-5842,fbagguleyp6@vistaprint.com,Nicaragua,65078 Village Plaza
908,Faun,Plowright,507-(895)279-7758,fplowrightp7@uiuc.edu,Panama,231 Declaration Trail
909,Asa,Lorenzetti,506-(857)395-2737,alorenzettip8@marriott.com,Costa Rica,25 Delaware Crossing
910,Craggie,Bulled,507-(765)211-8963,cbulledp9@wikispaces.com,Panama,5 Shasta Junction
911,Sutherlan,Ockwell,502-(192)624-5268,sockwellpa@t.co,Guatemala,0 Mendota Terrace
912,Elbertine,Giacoppo,502-(610)889-8323,egiacoppopb@noaa.gov,Guatemala,442 Division Park
913,Tansy,Rignall,506-(596)610-2337,trignallpc@discovery.com,Costa Rica,414 Badeau Trail
914,Kendra,Keppe,506-(928)838-3076,kkeppepd@chronoengine.com,Costa Rica,5 Stuart Way
915,Bald,Glen,502-(313)366-8201,bglenpe@booking.com,Guatemala,6365 Dottie Center
916,Kingsly,Ible,507-(841)361-7125,kiblepf@imgur.com,Panama,1239 Westerfield Street
917,Stewart,Trustrie,506-(131)575-0039,strustriepg@unesco.org,Costa Rica,821 Vahlen Place
918,Thorn,Bridgland,507-(742)374-4315,tbridglandph@multiply.com,Panama,00 Rutledge Trail
919,Giacomo,Ochiltree,505-(203)277-5360,gochiltreepi@cargocollective.com,Nicaragua,638 Katie Point
920,Karil,McKeney,507-(275)358-1750,kmckeneypj@apple.com,Panama,838 School Pass
921,Karlik,Devall,506-(572)210-5447,kdevallpk@ning.com,Costa Rica,980 Merchant Road
922,Teador,Moore,502-(144)803-4195,tmoorepl@godaddy.com,Guatemala,24 Browning Center
923,Shandra,Sambiedge,502-(767)978-7503,ssambiedgepm@thetimes.co.uk,Guatemala,76745 Northland Lane
924,Mersey,Callicott,505-(686)520-8701,mcallicottpn@soundcloud.com,Nicaragua,640 Elka Avenue
925,Eyde,Causer,507-(868)105-9649,ecauserpo@cam.ac.uk,Panama,8477 Center Plaza
926,Farlie,Sedgemore,506-(731)148-2944,fsedgemorepp@constantcontact.com,Costa Rica,39906 Rockefeller Way
927,Galven,Extal,505-(879)835-9351,gextalpq@wikimedia.org,Nicaragua,5 Norway Maple Crossing
928,Chrissie,Shapero,502-(916)362-8833,cshaperopr@icq.com,Guatemala,2 Prairie Rose Place
929,Isa,Lemonby,507-(318)493-9021,ilemonbyps@intel.com,Panama,59542 Bonner Junction
930,Carly,Dishman,502-(504)947-5914,cdishmanpt@cyberchimps.com,Guatemala,46290 Muir Center
931,Kayley,Markie,502-(961)199-2519,kmarkiepu@dot.gov,Guatemala,048 Northwestern Plaza
932,Fletcher,Feavearyear,502-(858)379-7861,ffeavearyearpv@ow.ly,Guatemala,34 Sauthoff Circle
933,Hamid,Mattersey,502-(415)932-3670,hmatterseypw@parallels.com,Guatemala,8695 Lerdahl Drive
934,Jeffrey,Tolliday,505-(146)153-0649,jtollidaypx@acquirethisname.com,Nicaragua,1163 Stuart Place
935,Devan,Ivanovic,506-(878)854-6117,divanovicpy@ft.com,Costa Rica,883 Hovde Point
936,Lyell,Galbraeth,502-(446)296-8963,lgalbraethpz@tmall.com,Guatemala,23308 Sullivan Road
937,Devlin,Cornelisse,502-(484)262-5962,dcornelisseq0@arizona.edu,Guatemala,902 Prairieview Lane
938,Rollin,Tesseyman,506-(269)161-8834,rtesseymanq1@edublogs.org,Costa Rica,703 Browning Hill
939,Devy,Ganter,502-(811)750-4111,dganterq2@skyrock.com,Guatemala,6741 Express Drive
940,Hall,Penniell,505-(161)369-4652,hpenniellq3@cargocollective.com,Nicaragua,69497 Sherman Park
941,Kimberly,Altamirano,507-(822)103-0372,kaltamiranoq4@apache.org,Panama,72 Grasskamp Crossing
942,Cathy,Kimmince,507-(956)594-1299,ckimminceq5@google.com,Panama,92387 Nobel Park
943,Dimitry,Wheal,506-(799)989-3917,dwhealq6@ebay.co.uk,Costa Rica,233 Trailsway Crossing
944,Sheeree,Becerro,505-(601)994-6225,sbecerroq7@privacy.gov.au,Nicaragua,81 Burning Wood Street
945,Cori,Dearlove,502-(629)997-9081,cdearloveq8@uol.com.br,Guatemala,21 Chinook Avenue
946,Thor,Biaggioni,506-(665)953-7860,tbiaggioniq9@wunderground.com,Costa Rica,7573 Roxbury Crossing
947,Teri,Pocklington,507-(680)449-3600,tpocklingtonqa@cyberchimps.com,Panama,9842 Menomonie Park
948,Myra,Skilling,502-(143)348-2927,mskillingqb@reuters.com,Guatemala,682 Schurz Center
949,Marguerite,Blunden,505-(256)893-8889,mblundenqc@go.com,Nicaragua,5559 Grayhawk Circle
950,Angel,Flintuff,505-(678)446-7486,aflintuffqd@goodreads.com,Nicaragua,2779 Leroy Point
951,Darb,Yorkston,502-(902)589-3181,dyorkstonqe@flickr.com,Guatemala,555 Muir Court
952,Alyosha,Deval,502-(875)734-4982,adevalqf@whitehouse.gov,Guatemala,904 Pearson Street
953,Meredith,Severy,502-(593)500-0833,mseveryqg@msn.com,Guatemala,93978 Vermont Point
954,Marie-jeanne,Clowley,502-(979)577-9396,mclowleyqh@people.com.cn,Guatemala,6 Hoard Parkway
955,Michele,McSorley,507-(691)971-3404,mmcsorleyqi@homestead.com,Panama,569 Monterey Court
956,Brendin,Ingerith,502-(869)758-1946,bingerithqj@umn.edu,Guatemala,6013 Waywood Plaza
957,Valery,Heald,507-(134)282-5527,vhealdqk@cocolog-nifty.com,Panama,787 Summer Ridge Court
958,Antons,Matessian,505-(337)485-7656,amatessianql@usda.gov,Nicaragua,38 Calypso Crossing
959,Inessa,Ricco,502-(278)680-5805,iriccoqm@trellian.com,Guatemala,74772 Quincy Parkway
960,Anne,Silbermann,505-(650)345-1976,asilbermannqn@buzzfeed.com,Nicaragua,69094 Doe Crossing Circle
961,Ricki,MacMenamin,502-(573)364-2863,rmacmenaminqo@telegraph.co.uk,Guatemala,94210 Grim Road
962,Augustus,Matokhnin,507-(519)792-0325,amatokhninqp@people.com.cn,Panama,0 Main Place
963,Aurie,Druitt,506-(227)192-8186,adruittqq@linkedin.com,Costa Rica,50655 Dwight Center
964,Webb,Kippax,502-(750)309-5677,wkippaxqr@senate.gov,Guatemala,2 Harper Center
965,Berkly,Widd,505-(884)520-4947,bwiddqs@blogs.com,Nicaragua,94555 Kinsman Point
966,Idell,Cuppleditch,506-(505)497-2918,icuppleditchqt@netscape.com,Costa Rica,88993 Lillian Terrace
967,Lynnet,Beals,507-(729)828-9722,lbealsqu@wunderground.com,Panama,053 Muir Place
968,Zachary,Jansik,505-(115)516-6750,zjansikqv@parallels.com,Nicaragua,904 Sycamore Trail
969,Violetta,Rubenczyk,505-(437)559-7793,vrubenczykqw@chronoengine.com,Nicaragua,127 Sunnyside Plaza
970,Roddy,Cartin,502-(540)535-9973,rcartinqx@eepurl.com,Guatemala,51 Johnson Street
971,Ruperta,Alexandersen,502-(328)136-7170,ralexandersenqy@blogger.com,Guatemala,8103 Riverside Trail
972,Garvey,Danis,507-(439)355-5754,gdanisqz@technorati.com,Panama,69 Blaine Lane
973,Kennith,Cotsford,502-(620)680-5337,kcotsfordr0@comsenz.com,Guatemala,483 Dahle Avenue
974,Rowney,Kilius,502-(736)292-9280,rkiliusr1@mayoclinic.com,Guatemala,84 Oak Valley Circle
975,Sheeree,Mousdall,506-(496)228-1043,smousdallr2@hao123.com,Costa Rica,81414 Westport Pass
976,Letti,Meeron,507-(552)950-5278,lmeeronr3@theguardian.com,Panama,70 Tennessee Court
977,Brad,Goodrich,507-(213)322-7942,bgoodrichr4@tinypic.com,Panama,56553 Becker Avenue
978,Ali,Capp,506-(716)496-4065,acappr5@ihg.com,Costa Rica,1489 Hollow Ridge Road
979,Eduardo,Dowling,507-(593)615-9609,edowlingr6@nature.com,Panama,53 Rusk Circle
980,Willem,Perrott,502-(479)604-1014,wperrottr7@illinois.edu,Guatemala,24498 Grim Way
981,Lida,Coggan,505-(954)845-1566,lcogganr8@yellowpages.com,Nicaragua,1417 Towne Junction
982,Pauly,Stangoe,505-(905)315-5721,pstangoer9@desdev.cn,Nicaragua,83 Surrey Junction
983,Mathilde,Trevaskis,502-(959)638-9242,mtrevaskisra@hugedomains.com,Guatemala,5 American Drive
984,Erena,Cholwell,502-(276)202-9665,echolwellrb@csmonitor.com,Guatemala,48 Randy Way
985,Vincenz,Fortnum,502-(370)598-3758,vfortnumrc@redcross.org,Guatemala,942 Cottonwood Crossing
986,Eb,Josifovic,507-(193)374-3202,ejosifovicrd@flavors.me,Panama,45 Mayer Road
987,Vladimir,Priestley,506-(200)435-7795,vpriestleyre@google.ca,Costa Rica,3 Weeping Birch Circle
988,Kylie,Cardew,507-(198)358-4632,kcardewrf@soundcloud.com,Panama,8816 Troy Way
989,Amby,Asher,502-(713)651-2220,aasherrg@godaddy.com,Guatemala,45 Division Center
990,Tybi,Galle,502-(769)812-9633,tgallerh@behance.net,Guatemala,4264 Oak Valley Center
991,Dyanna,Kivell,506-(928)847-6235,dkivellri@army.mil,Costa Rica,102 Hovde Plaza
992,Zorah,Younge,502-(465)431-4315,zyoungerj@gravatar.com,Guatemala,9 Pankratz Trail
993,Reine,Matveyev,505-(832)329-4286,rmatveyevrk@e-recht24.de,Nicaragua,52 Scofield Street
994,Ettie,Gomery,505-(632)679-2312,egomeryrl@webmd.com,Nicaragua,52488 Eastlawn Lane
995,Collete,Keirle,506-(713)279-1530,ckeirlerm@sohu.com,Costa Rica,4 Heath Junction
996,Corry,Crabb,507-(964)951-9214,ccrabbrn@mozilla.org,Panama,73 Quincy Avenue
997,Klemens,Crim,506-(977)645-6184,kcrimro@marriott.com,Costa Rica,75 Londonderry Center
998,Brianne,Jeandeau,505-(929)511-2815,bjeandeaurp@eepurl.com,Nicaragua,2845 Arapahoe Crossing
999,Cristie,Shafto,502-(568)639-7269,cshaftorq@spiegel.de,Guatemala,6 Maple Wood Avenue
1000,Harold,Shasnan,502-(609)179-0184,hshasnanrr@noaa.gov,Guatemala,15 Evergreen Terrace
